MSRef,Link,EncodingStatus,Notes,Date,Type,Offense,Deponent,DeponentLoc,Victim,VictimLoc,Accused,AccusedLoc
"MS 823, fols 001f-001v",https://1641.tcd.ie/index.php/deposition/?depID=823001r002,Complete,,23/9/1642,Bisse,Killing,Thomas Dodgin,Castlehaven parish,"Thomas Dodgin, John Ratcliffe",,"Thomas Numan, Henry Euens, John Racklife, Daniell Poole, John mc Teige, Owen mc Teige Carty, Richard Heard, Ranell mc Riccard, Thomas Cuple Renell Nicolls, Donogh mc Donnell Carty","Baltimore, Clonakilty, Castlehaven parish, Ballymodan parish, Srilane, Srilane, Castlehaven parish, Miras parish, Innishannon parish, Lissane"
"MS 823, fols 001f-001v",https://1641.tcd.ie/index.php/deposition/?depID=823001r002,Complete,,23/9/1642,Bisse,Robbery,Thomas Dodgin,Castlehaven parish,"Thomas Dodgin, John Ratcliffe",,"Thomas Numan, Henry Euens, John Racklife, Daniell Poole, John mc Teige, Owen mc Teige Carty, Richard Heard, Ranell mc Riccard, Thomas Cuple Renell Nicolls, Donogh mc Donnell Carty","Baltimore, Clonakilty, Castlehaven parish, Ballymodan parish, Srilane, Srilane, Castlehaven parish, Miras parish, Innishannon parish, Lissane"
"MS 823, fols 001f-001v",https://1641.tcd.ie/index.php/deposition/?depID=823001r002,Complete,,23/9/1642,Bisse,Lost by debts,Thomas Dodgin,Castlehaven parish,"Thomas Dodgin, John Ratcliffe",,"Thomas Numan, Henry Euens, John Racklife, Daniell Poole, John mc Teige, Owen mc Teige Carty, Richard Heard, Ranell mc Riccard, Thomas Cuple Renell Nicolls, Donogh mc Donnell Carty","Baltimore, Clonakilty, Castlehaven parish, Ballymodan parish, Srilane, Srilane, Castlehaven parish, Miras parish, Innishannon parish, Lissane"
"MS 824, fols 023r-024v",https://1641.tcd.ie/index.php/deposition/?depID=824023r030,Complete,,7/11/1642,Bisse,Arson,Peregrine Banaster,"ffarinsesry, Glanbracke, Corrycrouely",Peregrine Banaster,,Teig downy alias Carty,Dunmanway
"MS 824, fols 023r-024v",https://1641.tcd.ie/index.php/deposition/?depID=824023r030,Complete,,7/11/1642,Bisse,Robbery,Peregrine Banaster,"ffarinsesry, Glanbracke, Corrycrouely",Peregrine Banaster,,Teig downy alias Carty,Dunmanway
"MS 824, fols 023r-024v",https://1641.tcd.ie/index.php/deposition/?depID=824023r030,Complete,,7/11/1642,Bisse,Lost by debts,Peregrine Banaster,"ffarinsesry, Glanbracke, Corrycrouely",Peregrine Banaster,,Teig downy alias Carty,Dunmanway
"MS 824, fols 036r-036v",https://1641.tcd.ie/index.php/deposition/?depID=824036r040,Complete,,24/9/1642,Bisse,Robbery,William Roe,Iniskeane,"William Roe, Thomas Bayse, John dannen, John Hinckson, Robert Gable",,"Teig downy alias Carty, Teige ™ Norfa ™ donnovane, Mealmurry mc Swyne, O Leary, Owen ™ Loage, mc Swyny, Thomas Barry",Dunmanway
"MS 824, fols 036r-036v",https://1641.tcd.ie/index.php/deposition/?depID=824036r040,Complete,,24/9/1642,Bisse,Lost by debts,William Roe,Iniskeane,"William Roe, Thomas Bayse, John dannen, John Hinckson, Robert Gable",,"Teig downy alias Carty, Teige ™ Norfa ™ donnovane, Mealmurry mc Swyne, O Leary, Owen ™ Loage, mc Swyny, Thomas Barry",Dunmanway
"MS 827, fols 016v-017v",https://1641.tcd.ie/index.php/deposition/?depID=827016v020,Complete,,17/2/1654,Commonwealth,Death,Samuell More,Bandon,,,"Owen O Lough, Daniell Mc owen O Lough, Owen [son of Owen] O Lough, Edmond O Lough","MuskunnaGlass, MuskunnaGlass, MuskunnaGlass, MuskunnaGlass"
"MS 827, fols 016v-017v",https://1641.tcd.ie/index.php/deposition/?depID=827016v020,Complete,,17/2/1654,Commonwealth,Confederacy,Samuell More,Bandon,,,"Owen O Lough, Daniell Mc owen O Lough, Owen [son of Owen] O Lough, Edmond O Lough","MuskunnaGlass, MuskunnaGlass, MuskunnaGlass, MuskunnaGlass"
"MS 827, fols 030r",https://1641.tcd.ie/index.php/deposition/?depID=827030r032,Complete,,21/2/1654,Commonwealth,Robbery,Jenkine James,Ringrone,,,"Donogh mc ffeimie oge, MacCarthy Reagh","Templetrine, Kilbrittain"
"MS 827, fols 030r",https://1641.tcd.ie/index.php/deposition/?depID=827030r032,Complete,,21/2/1654,Commonwealth,Confederacy,Jenkine James,Ringrone,,,"Donogh mc ffeimie oge, MacCarthy Reagh","Templetrine, Kilbrittain"
"MS 827, fols 030r-031v",https://1641.tcd.ie/index.php/deposition/?depID=827030r033,Complete,,21/2/1654,Commonwealth,Robbery,Henry White,Ringrone,Nicholas Bellewes,,"Donogh mc ffeimie oge, MacCarthy Reagh","Templetrine, Kilbrittain"
"MS 827, fols 030r-031v",https://1641.tcd.ie/index.php/deposition/?depID=827030r033,Complete,,21/2/1654,Commonwealth,Confederacy,Henry White,Ringrone,Nicholas Bellewes,,"Donogh mc ffeimie oge, MacCarthy Reagh","Templetrine, Kilbrittain"
"MS 827, fol 053r",https://1641.tcd.ie/index.php/deposition/?depID=827053r059,Complete,,22/2/1654,Commonwealth,Apostacy,James Chapman,"Ringrone, Clonakilty","Mr ffisher, [English of Clonakilty]",,Danniell O Sasna,Clonakilty
"MS 827, fol 053r",https://1641.tcd.ie/index.php/deposition/?depID=827053r059,Complete,,22/2/1654,Commonwealth,Robbery,James Chapman,"Ringrone, Clonakilty","Mr ffisher, [English of Clonakilty]",,Danniell O Sasna,Clonakilty
"MS 827, fol 053r",https://1641.tcd.ie/index.php/deposition/?depID=827053r059,Complete,,22/2/1654,Commonwealth,Confederacy,James Chapman,"Ringrone, Clonakilty","Mr ffisher, [English of Clonakilty]",,Danniell O Sasna,Clonakilty
"MS 827, fol 053v",https://1641.tcd.ie/index.php/deposition/?depID=827053v060,Complete,,22/2/1654,Commonwealth,Confederacy,Teige Sleagh,Mansey,,,Danniell O Sasna,Clonakilty
"MS 827, fol 053v",https://1641.tcd.ie/index.php/deposition/?depID=827053v060,Complete,,22/2/1654,Commonwealth,Confederacy,Teige Sleagh,Mansey,,,Danniell O Sasna,Clonakilty
"MS 827, fols 053v-054v",https://1641.tcd.ie/index.php/deposition/?depID=827053v061,Complete,,22/2/1654,Commonwealth,Confederacy,Dennis Hornedy,Dunmanway,,,Danniell O Sasna,Clonakilty
"MS 827, fols 053v-054v",https://1641.tcd.ie/index.php/deposition/?depID=827053v061,Complete,,22/2/1654,Commonwealth,Confederacy,Dennis Hornedy,Dunmanway,,,Danniell O Sasna,Clonakilty
"MS 827, fol 064r",https://1641.tcd.ie/index.php/deposition/?depID=827064r069,Complete,,25/2/1654,Commonwealth,Captivity,Larrance Cory,TractonAby,Larrance Cory,,John oge Barry,Doundeady
"MS 827, fol 064r",https://1641.tcd.ie/index.php/deposition/?depID=827064r069,Complete,,25/2/1654,Commonwealth,Military action,Larrance Cory,TractonAby,Larrance Cory,,John oge Barry,Doundeady
"MS 827, fols 064r-065v",https://1641.tcd.ie/index.php/deposition/?depID=827064r070,Complete,,25/2/1654,Commonwealth,Confederacy,John Hicks,CarrigeANall,,,John oge Barry,Doundeady
"MS 827, fols 120r-121v",https://1641.tcd.ie/index.php/deposition/?depID=827120r133,Complete,,10/4/1654,Commonwealth,Confederacy,William Jones,Bandon,,,Teige McDonnogh Carthy,Prulus
"MS 827, fols 122r-123v",https://1641.tcd.ie/index.php/deposition/?depID=827122r135,Complete,,10/4/1654,Commonwealth,Confederacy,William Jones,Bandon,,,Owen McEagane,Aghanagh
"MS 827, fol 124r",https://1641.tcd.ie/index.php/deposition/?depID=827124r136,Complete,,9/4/1654,Commonwealth,Assault,Samuell More,Bandon,,,Dermond Mc Teige McDermond alias Carthy,InseneKaly
"MS 827, fol 124r",https://1641.tcd.ie/index.php/deposition/?depID=827124r136,Complete,,9/4/1654,Commonwealth,Robbery,Samuell More,Bandon,,,Dermond Mc Teige McDermond alias Carthy,InseneKaly
"MS 827, fol 124r",https://1641.tcd.ie/index.php/deposition/?depID=827124r136,Complete,,9/4/1654,Commonwealth,Confederacy,Samuell More,Bandon,,,Dermond Mc Teige McDermond alias Carthy,InseneKaly
"MS 827, fols 124v-125v",https://1641.tcd.ie/index.php/deposition/?depID=827124v137,Complete,,9/4/1654,Commonwealth,Confederacy,William Jones,Bandon,,,Dermond Mc Teige McDermond alias Carthy,InseneKaly
"MS 827, fol 126r",https://1641.tcd.ie/index.php/deposition/?depID=827126r138,Complete,,9/4/1654,Commonwealth,Confederacy,Samuell More,Bandon,,,Teige Mc Cormock Carthy,Aglis
"MS 827, fols 126r-127v",https://1641.tcd.ie/index.php/deposition/?depID=827126r139,Complete,,9/4/1654,Commonwealth,Confederacy,William Jones,Bandon,,,Teige Mc Cormock Carthy,Aglis
"MS 827, fol 128r",https://1641.tcd.ie/index.php/deposition/?depID=827128r140,Complete,,10/4/1654,Commonwealth,Confederacy,William Jones,Bandon,William Jones,,Donnah McCnogher McPhinen Mahone,Kilmurry parish
"MS 827, fols 128r-129v",https://1641.tcd.ie/index.php/deposition/?depID=827128r141,Complete,,10/4/1654,Commonwealth,Confederacy,Samuell More,Bandon,,,Donnah McCnogher McPhinen Mahone,Kilmurry parish
"MS 827, fol 130r",https://1641.tcd.ie/index.php/deposition/?depID=827130r142,Complete,,10/4/1654,Commonwealth,Military action,Antony Coates,Bandon,,,"Randoll oge Hurly, MacCarthy Reagh","Ballimony parish, Kilbrittain"
"MS 827, fol 130r",https://1641.tcd.ie/index.php/deposition/?depID=827130r142,Complete,,10/4/1654,Commonwealth,Confederacy,Antony Coates,Bandon,,,"Randoll oge Hurly, MacCarthy Reagh","Ballimony parish, Kilbrittain"
"MS 827, fols 130r-130v",https://1641.tcd.ie/index.php/deposition/?depID=827130r143,Complete,,10/4/1654,Commonwealth,Confederacy,Teige Sleagh,Mansey,,,,
"MS 827, fols 131r-131v",https://1641.tcd.ie/index.php/deposition/?depID=827131r144,Complete,,10/4/1654,Commonwealth,Confederacy,Mortough Mahony,Mansey,,,Randoll oge Hurly,Ballimony parish
"MS 827, fol 132r",https://1641.tcd.ie/index.php/deposition/?depID=827132r145,Complete,,10/4/1654,Commonwealth,Military action,William Sherill,Bandon,,,Donnogh McCarty,Raghtrough
"MS 827, fol 132r",https://1641.tcd.ie/index.php/deposition/?depID=827132r145,Complete,,10/4/1654,Commonwealth,Confederacy,William Sherill,Bandon,,,Donnogh McCarty,Raghtrough
"MS 827, fol 132r",https://1641.tcd.ie/index.php/deposition/?depID=827132r146,Complete,,10/4/1654,Commonwealth,Captivity,Antony Coates,Bandon,Antony Coates,,Donnogh McCarty,Raghtrough
"MS 827, fol 132r",https://1641.tcd.ie/index.php/deposition/?depID=827132r146,Complete,,10/4/1654,Commonwealth,Confederacy,Antony Coates,Bandon,Antony Coates,,Donnogh McCarty,Raghtrough
"MS 827, fols 133r-133v",https://1641.tcd.ie/index.php/deposition/?depID=827133r147,Complete,,10/4/1654,Commonwealth,Confederacy,Teige Sleagh,Mansey,,,Donnogh McCarty,Raghtrough
"MS 827, fols 134r-135v",https://1641.tcd.ie/index.php/deposition/?depID=827134r148,Complete,,9/4/1654,Commonwealth,Assault,Samuell More,Bandon,Samuell More,,Cormac alias Charles McCarthy,carrigeAMucke
"MS 827, fols 134r-135v",https://1641.tcd.ie/index.php/deposition/?depID=827134r148,Complete,,9/4/1654,Commonwealth,Confederacy,Samuell More,Bandon,Samuell More,,Cormac alias Charles McCarthy,carrigeAMucke
"MS 827, fols 136r-137v",https://1641.tcd.ie/index.php/deposition/?depID=827136r149,Complete,,10/4/1654,Commonwealth,Confederacy,Samuell More,Bandon,,,Donogh McOwen Carthy,Drish Shane
"MS 827, fols 138r-139v",https://1641.tcd.ie/index.php/deposition/?depID=827138r150,Complete,,9/4/1654,Commonwealth,Confederacy,Samuell More,Bandon,,,Charles Mc Carthy,CastleMoore
"MS 827, fol 140r",https://1641.tcd.ie/index.php/deposition/?depID=827140r151,Complete,,10/4/1654,Commonwealth,Robbery,Samuell More,Bandon,,,William Hierelagh,Ballinourmine
"MS 827, fol 140r",https://1641.tcd.ie/index.php/deposition/?depID=827140r151,Complete,,10/4/1654,Commonwealth,Stripping,Samuell More,Bandon,,,William Hierelagh,Ballinourmine
"MS 827, fol 140r",https://1641.tcd.ie/index.php/deposition/?depID=827140r151,Complete,,10/4/1654,Commonwealth,Confederacy,Samuell More,Bandon,,,William Hierelagh,Ballinourmine
"MS 827, fols 140r-141v",https://1641.tcd.ie/index.php/deposition/?depID=827140r152,Complete,,10/4/1654,Commonwealth,Confederacy,William Jones,Bandon,,,William Hierelagh,Ballinourmine
"MS 827, fols 142r-143v",https://1641.tcd.ie/index.php/deposition/?depID=827142r153,Complete,,9/4/1654,Commonwealth,Military action,Samuell More,Bandon,,,Charles alias Cormac McDonnogh Carthy,Courtebrack
"MS 827, fols 142r-143v",https://1641.tcd.ie/index.php/deposition/?depID=827142r153,Complete,,9/4/1654,Commonwealth,Confederacy,Samuell More,Bandon,,,Charles alias Cormac McDonnogh Carthy,Courtebrack
"MS 827, fol 145r",https://1641.tcd.ie/index.php/deposition/?depID=827145r154,Complete,,10/4/1654,Commonwealth,Military action,Antony Coates,Bandon,,,"Teig downy alias Carty, MacCarthy Reagh","Dunmanway, Kilbrittain"
"MS 827, fol 145r",https://1641.tcd.ie/index.php/deposition/?depID=827145r154,Complete,,10/4/1654,Commonwealth,Confederacy,Antony Coates,Bandon,,,"Teig downy alias Carty, MacCarthy Reagh","Dunmanway, Kilbrittain"
"MS 827, fols 145r-145v",https://1641.tcd.ie/index.php/deposition/?depID=827145r155,Complete,,10/4/1654,Commonwealth,Military action,Mary Jennines,Bandon,,,Teig downy alias Carty,Dunmanway
"MS 827, fols 145r-145v",https://1641.tcd.ie/index.php/deposition/?depID=827145r155,Complete,,10/4/1654,Commonwealth,Confederacy,Mary Jennines,Bandon,,,Teig downy alias Carty,Dunmanway
"MS 827, fols 146r-146v",https://1641.tcd.ie/index.php/deposition/?depID=827146r156,Complete,,10/4/1654,Commonwealth,Confederacy,Teige Sleagh,Mansey,,,Teig downy alias Carty,Dunmanway
"MS 827, fol 147r",https://1641.tcd.ie/index.php/deposition/?depID=827147r157,Complete,,10/4/1654,Commonwealth,Military action,Antony Coates,Bandon,,,Teige O Norsey,Toher Castle
"MS 827, fol 147r",https://1641.tcd.ie/index.php/deposition/?depID=827147r157,Complete,,10/4/1654,Commonwealth,Confederacy,Antony Coates,Bandon,,,Teige O Norsey,Toher Castle
"MS 827, fols 147r-147v",https://1641.tcd.ie/index.php/deposition/?depID=827147r158,Complete,,10/4/1654,Commonwealth,Robbery,Mary Jennines,Bandon,"Mary Jennines, Mr Woodley",,Teige ™ Norfa ™ donnovane,
"MS 827, fols 147r-147v",https://1641.tcd.ie/index.php/deposition/?depID=827147r158,Complete,,10/4/1654,Commonwealth,Confederacy,Mary Jennines,Bandon,"Mary Jennines, Mr Woodley",,Teige ™ Norfa ™ donnovane,
"MS 827, fols 148r-148v",https://1641.tcd.ie/index.php/deposition/?depID=827148r159,Complete,,10/4/1654,Commonwealth,Confederacy,Teige Sleagh,Mansey,,,Teige O Norsey,Toher Castle
"MS 827, fol 149r",https://1641.tcd.ie/index.php/deposition/?depID=827149r160,Complete,,10/4/1654,Commonwealth,Words,William Jones,Bandon,,,Teige McDonnell McPhinine O Mahone,Kilmurry parish
"MS 827, fol 149r",https://1641.tcd.ie/index.php/deposition/?depID=827149r160,Complete,,10/4/1654,Commonwealth,Confederacy,William Jones,Bandon,,,Teige McDonnell McPhinine O Mahone,Kilmurry parish
"MS 827, fols 149r-149v",https://1641.tcd.ie/index.php/deposition/?depID=827149r161,Complete,,10/4/1654,Commonwealth,Confederacy,Samson Moore,Bandon,,,Teige McDonnell McPhinine O Mahone,Kilmurry parish
"MS 827, fols 150r-151v",https://1641.tcd.ie/index.php/deposition/?depID=827150r162,Complete,,10/4/1654,Commonwealth,Killing,Antony Coates,Bandon,,,"Owen Moile Carthy, MacCarthy Reagh","veale Castle, Kilbrittain"
"MS 827, fols 150r-151v",https://1641.tcd.ie/index.php/deposition/?depID=827150r162,Complete,,10/4/1654,Commonwealth,Military action,Antony Coates,Bandon,,,"Owen Moile Carthy, MacCarthy Reagh","veale Castle, Kilbrittain"
"MS 827, fols 150r-151v",https://1641.tcd.ie/index.php/deposition/?depID=827150r162,Complete,,10/4/1654,Commonwealth,Confederacy,Antony Coates,Bandon,,,"Owen Moile Carthy, MacCarthy Reagh","veale Castle, Kilbrittain"
"MS 827, fol 152r",https://1641.tcd.ie/index.php/deposition/?depID=827152r163,Complete,,14/4/1654,Commonwealth,Confederacy,Richard Phipps,Bandon,,,Daniell Carthy alias Glannagh,Cappine
"MS 827, fols 152r-152v",https://1641.tcd.ie/index.php/deposition/?depID=827152r164,Complete,,14/4/1654,Commonwealth,Confederacy,Teige Sleagh,Mansey,,,Daniell Carthy alias Glannagh,Cappine
"MS 827, fols 153r-153v",https://1641.tcd.ie/index.php/deposition/?depID=827153r165,Complete,,14/4/1654,Commonwealth,Confederacy,Humphrey Crowley,Dunmanway,,,Daniell Carthy alias Glannagh,Cappine
"MS 827, fol 154r",https://1641.tcd.ie/index.php/deposition/?depID=827154r166,Complete,,14/4/1654,Commonwealth,Robbery,Richard Hawes,Bandon,[father of] Richard Hawes,,"Daniell McTeige Carty alias McDaniell, Charles mcOgen Carthy",Desert
"MS 827, fol 154r",https://1641.tcd.ie/index.php/deposition/?depID=827154r166,Complete,,14/4/1654,Commonwealth,Confederacy,Richard Hawes,Bandon,[father of] Richard Hawes,,"Daniell McTeige Carty alias McDaniell, Charles mcOgen Carthy",Desert
"MS 827, fols 154r-155v",https://1641.tcd.ie/index.php/deposition/?depID=827154r167,Complete,,14/4/1654,Commonwealth,Confederacy,George Winsmore,South Liberties,,,Daniell McTeige Carty alias McDaniell,Desert
"MS 827, fol 156r",https://1641.tcd.ie/index.php/deposition/?depID=827156r168,Complete,,14/1/1654,Commonwealth,Confederacy,James Pearce,Bandon,,,Teige O Hea,Aghamillaw
"MS 827, fols 156r-157v",https://1641.tcd.ie/index.php/deposition/?depID=827156r169,Complete,,14/4/1654,Commonwealth,Confederacy,William Sargant,Bandon,,,Teige O Hea,Aghamillaw
"MS 827, fols 158r",https://1641.tcd.ie/index.php/deposition/?depID=827158r170,Complete,Further info: deponent killed rebel O'Hea,14/1/1654,Commonwealth,Killing,James Butten,Bandon,,,Donnah O Hey,Ballivacky
"MS 827, fols 158r",https://1641.tcd.ie/index.php/deposition/?depID=827158r170,Complete,Further info: deponent killed rebel O'Hea,14/1/1654,Commonwealth,Confederacy,James Butten,Bandon,,,Donnah O Hey,Ballivacky
"MS 827, fols 158r-159v",https://1641.tcd.ie/index.php/deposition/?depID=827158r171,Complete,"Further info: saw the place ""between two bogs"" where Butten killed O'Hea, near Phale Castle",14/4/1654,Commonwealth,Killing,Thomas Goodchilde,"Bandon, Fort near veale castle",,,Donnah O Hey,Ballivacky
"MS 827, fols 158r-159v",https://1641.tcd.ie/index.php/deposition/?depID=827158r171,Complete,"Further info: saw the place ""between two bogs"" where Butten killed O'Hea, near Phale Castle",14/4/1654,Commonwealth,Confederacy,Thomas Goodchilde,"Bandon, Fort near veale castle",,,Donnah O Hey,Ballivacky
"MS 827, fols 162r-163v",https://1641.tcd.ie/index.php/deposition/?depID=827162r173,Complete,,18/4/1654,Commonwealth,Confederacy,Abiall Nash,Bandon,,,Owen Boy,Gannife moore
"MS 827, fols 164r-165v",https://1641.tcd.ie/index.php/deposition/?depID=827164r174,Complete,,18/4/1654,Commonwealth,Confederacy,William Sargant,Bandon,,,Mathew Mc Thomas O Hea,Kilkarrine parish
"MS 827, fols 166r-167v",https://1641.tcd.ie/index.php/deposition/?depID=827166r175,Complete,,18/4/1654,Commonwealth,Confederacy,William Sargant,Bandon,,,William Mcffeinine,Creeboy
"MS 827, fols 168r-169v",https://1641.tcd.ie/index.php/deposition/?depID=827168r176,Complete,,18/4/1654,Commonwealth,Captivity,George Tanner,Bandon,George Tanner,,Teige McAwlife,CastleMcAwlife
"MS 827, fols 168r-169v",https://1641.tcd.ie/index.php/deposition/?depID=827168r176,Complete,,18/4/1654,Commonwealth,Confederacy,George Tanner,Bandon,George Tanner,,Teige McAwlife,CastleMcAwlife
"MS 827, fols 170r-171v",https://1641.tcd.ie/index.php/deposition/?depID=827170r177,Complete,,18/4/1654,Commonwealth,Captivity,George Tanner,Bandon,George Tanner,,ffeinine McAwlife,CarrigeCashell
"MS 827, fols 170r-171v",https://1641.tcd.ie/index.php/deposition/?depID=827170r177,Complete,,18/4/1654,Commonwealth,Confederacy,George Tanner,Bandon,George Tanner,,ffeinine McAwlife,CarrigeCashell
"MS 827, fols 205r-206v",https://1641.tcd.ie/index.php/deposition/?depID=827205r194,Complete,,9/6/1654,Commonwealth,Confederacy,Thomas Haines,Timoleage,,,Dermot Mcffenine Reagh,Aghigoill
"MS 827, fols 207r-207v",https://1641.tcd.ie/index.php/deposition/?depID=827207r195,Complete,,9/6/1654,Commonwealth,Confederacy,John Braly,Bandon,,,Don. McDermond Carthy,Derrysennalary
"MS 827, fols 208r-209v",https://1641.tcd.ie/index.php/deposition/?depID=827208r196,Complete,,17/2/1654,Commonwealth,Robbery,Henry Hill,Kinsale,Thomas Suttons,,Donnogh oge Carthy,Ballyhunder
"MS 827, fols 208r-209v",https://1641.tcd.ie/index.php/deposition/?depID=827208r196,Complete,,17/2/1654,Commonwealth,Confederacy,Henry Hill,Kinsale,Thomas Suttons,,Donnogh oge Carthy,Ballyhunder
"MS 827, fols 298r-299v",https://1641.tcd.ie/index.php/deposition/?depID=827298r257,Complete,,21/6/1654,Commonwealth,Confederacy,John Hicks,CarrigeANall,,,Teige O Hea,Aghamillaw
"MS 827, fol 300r",https://1641.tcd.ie/index.php/deposition/?depID=827300r258,Complete,,16/4/1654,Commonwealth,Confederacy,Teige Sleagh,Mansey,,,donogh o Megan,Kilbarry
"MS 827, fol 300r",https://1641.tcd.ie/index.php/deposition/?depID=827300r259,Complete,,16/4/1654,Commonwealth,Confederacy,Dennis Hornedy,Dunmanway,,,donogh o Megan,Kilbarry
"MS 827, fols 300v-301v",https://1641.tcd.ie/index.php/deposition/?depID=827300v260,Complete,,16/4/1654,Commonwealth,Confederacy,Donogh oge Cruoly,"Mansey, Dunmanway",,,donogh o Megan,Kilbarry
"MS 827, fol 304r",https://1641.tcd.ie/index.php/deposition/?depID=827304r262,Complete,,25/4/1654,Commonwealth,Confederacy,Donogh oge Cruoly,"Mansey, Dunmanway",,,Cornelius O Croaly,Drumfeagh
"MS 827, fol 304r",https://1641.tcd.ie/index.php/deposition/?depID=827304r263,Complete,,25/4/1654,Commonwealth,Confederacy,Donnogh Donovane,Rosmore,,,Cornelius O Croaly,Drumfeagh
"MS 827, fols 304v-305v",https://1641.tcd.ie/index.php/deposition/?depID=827304v264,Complete,,25/4/1654,Commonwealth,Confederacy,Dennis Hornedy,Dunmanway,,,Cornelius O Croaly,Drumfeagh
"MS 827, fol 312r",https://1641.tcd.ie/index.php/deposition/?depID=827312r268,Complete,,25/4/1654,Commonwealth,Confederacy,Donogh oge Cruoly,"Mansey, Dunmanway",,,Cormack McCarthy,Kilcoe
"MS 827, fol 312r",https://1641.tcd.ie/index.php/deposition/?depID=827312r269,Complete,,25/4/1654,Commonwealth,Confederacy,Eneas Callanan,Courtny Connaghty,,,Cormack McCarthy,Kilcoe
"MS 827, fols 312v-313v",https://1641.tcd.ie/index.php/deposition/?depID=827312v270,Complete,,25/4/1654,Commonwealth,Confederacy,Donnogh Donovane,Rosmore,,,Cormack McCarthy,Kilcoe
"MS 827, fol 316r",https://1641.tcd.ie/index.php/deposition/?depID=827316r272,Complete,,24/4/1654,Commonwealth,Confederacy,Eneas Callanan,Courtny Connaghty,,,Charles Mcffeinine Carthy,Lishaca
"MS 827, fol 316r",https://1641.tcd.ie/index.php/deposition/?depID=827316r273,Complete,,24/4/1654,Commonwealth,Confederacy,Donogh oge Cruoly,"Mansey, Dunmanway",,,Charles Mcffeinine Carthy,Lishaca
"MS 827, fols 316v-317v",https://1641.tcd.ie/index.php/deposition/?depID=827316v274,Complete,,24/4/1654,Commonwealth,Confederacy,Donnogh Donovane,Rosmore,,,Charles Mcffeinine Carthy,Lishaca
"MS 827, fol 318r",https://1641.tcd.ie/index.php/deposition/?depID=827318r275,Complete,,20/4/1654,Commonwealth,Confederacy,Teige Sleagh,Mansey,,,John McDermond McTeige,Longe Iland
"MS 827, fol 318r",https://1641.tcd.ie/index.php/deposition/?depID=827318r276,Complete,,20/4/1654,Commonwealth,Confederacy,Humphrey Crowley,Dunmanway,,,John McDermond McTeige,Longe Iland
"MS 827, fols 318v-319v",https://1641.tcd.ie/index.php/deposition/?depID=827318v277,Complete,,20/4/1654,Commonwealth,Confederacy,Dennis Hornedy,Dunmanway,,,John McDermond McTeige,Longe Iland
"MS 827, fol 323r",https://1641.tcd.ie/index.php/deposition/?depID=827323r280,Complete,,23/4/1654,Commonwealth,Confederacy,Edmund Duleagh,Inshifune,,,Teige Carthy,Clonecallbeg
"MS 827, fol 323r",https://1641.tcd.ie/index.php/deposition/?depID=827323r281,Complete,Corrected error in transcription - Irelagh is definitely Grelagh in the ms,23/4/1654,Commonwealth,Confederacy,Donough Hurley,Grilagh,,,Teige Carthy,Clonecallbeg
"MS 827, fols 323v-324v",https://1641.tcd.ie/index.php/deposition/?depID=827323v282,Complete,,23/4/1654,Commonwealth,Confederacy,John Hurley,Kilcaskane,,,Teige Carthy,Clonecallbeg
"MS 827, fol 327r",https://1641.tcd.ie/index.php/deposition/?depID=827327r284,Complete,,23/4/1654,Commonwealth,Confederacy,Eneas Callanan,Courtny Connaghty,,,Richard o Doniuane,Ballingorneagh
"MS 827, fol 327r",https://1641.tcd.ie/index.php/deposition/?depID=827327r285,Complete,,23/4/1654,Commonwealth,Confederacy,Donogh oge Cruoly,"Mansey, Dunmanway",,,Richard o Doniuane,Ballingorneagh
"MS 827, fols 327v-328v",https://1641.tcd.ie/index.php/deposition/?depID=827327v286,Complete,,23/4/1654,Commonwealth,Confederacy,Donnogh Donovane,Rosmore,,,Richard o Doniuane,Ballingorneagh
"MS 827, fol 330r",https://1641.tcd.ie/index.php/deposition/?depID=827330r288,Complete,,18/4/1654,Commonwealth,Confederacy,Teige Sleagh,Mansey,,,Owen mcDonogh Carthy,Cahirkirkie
"MS 827, fol 330r",https://1641.tcd.ie/index.php/deposition/?depID=827330r289,Complete,,18/4/1654,Commonwealth,Confederacy,Donogh oge Cruoly,"Mansey, Dunmanway",,,Owen mcDonogh Carthy,Cahirkirkie
"MS 827, fols 330r-331v",https://1641.tcd.ie/index.php/deposition/?depID=827330r290,Complete,,18/4/1654,Commonwealth,Confederacy,Donogh oge Cruoly,"Mansey, Dunmanway",,,Owen mcDonogh Carthy,Cahirkirkie
"MS 827, fol 332r",https://1641.tcd.ie/index.php/deposition/?depID=827332r291,Complete,,14/4/1654,Commonwealth,Confederacy,Teige Sleagh,Mansey,,,Dermond McCarthy alias Ni Glack,Downebacke
"MS 827, fol 332r",https://1641.tcd.ie/index.php/deposition/?depID=827332r292,Complete,,16/4/1654,Commonwealth,Confederacy,Humphrey Crowley,Dunmanway,,,Dermond McCarthy alias Ni Glack,Downebacke
"MS 827, fols 332v-333v",https://1641.tcd.ie/index.php/deposition/?depID=827332v293,Complete,,16/4/1654,Commonwealth,Confederacy,Donogh oge Cruoly,"Mansey, Dunmanway",,,Dermond McCarthy alias Ni Glack,Downebacke
"MS 827, fols 334r-335v",https://1641.tcd.ie/index.php/deposition/?depID=827334r294,Complete,,16/6/1654,Commonwealth,Confederacy,William Canler,Kilragh parish,,,Donnogh McDaniell Carthy,Kilcoe
"MS 827, fols 336r-338v",https://1641.tcd.ie/index.php/deposition/?depID=827336r295,Complete,,31/5/1654,Commonwealth,Confederacy,James Clarke,Cork,,,O Sooliun Beere,Bantry
"MS 828, fol 338r",https://1641.tcd.ie/index.php/deposition/?depID=827338r296,Complete,,24/4/1654,Commonwealth,Confederacy,Donogh oge Cruoly,"Mansey, Dunmanway",,,Cornelius Mcffeinine Mahoone,Gortanully
"MS 827, fol 338r",https://1641.tcd.ie/index.php/deposition/?depID=827338r297,Complete,,24/4/1654,Commonwealth,Confederacy,Donnogh Donovane,Rosmore,,,Cornelius Mcffeinine Mahoone,Gortanully
"MS 827, fols 338v-339v",https://1641.tcd.ie/index.php/deposition/?depID=827338v298,Complete,,24/4/1654,Commonwealth,Confederacy,Dennis Hornedy,Dunmanway,,,Cornelius Mcffeinine Mahoone,Gortanully
"MS 827, fols 340r-341v",https://1641.tcd.ie/index.php/deposition/?depID=827340r299,Complete,,26/6/1654,Commonwealth,Confederacy,Owen Heford,Tallow,,,Daniell o Leary,Bantry
"MS 827, fols 342r-343v",https://1641.tcd.ie/index.php/deposition/?depID=827342r300,Complete,,16/6/1654,Commonwealth,Confederacy,William Reade,Tallow,,,Sir Roger O Shahane,Timoleage
"MS 827, fol 345r",https://1641.tcd.ie/index.php/deposition/?depID=827345r303,Complete,,24/4/1654,Commonwealth,Confederacy,Eneas Callanan,Courtny Connaghty,,,James Hurly,Ballinward
"MS 827, fol 345r",https://1641.tcd.ie/index.php/deposition/?depID=827345r304,Complete,,24/4/1654,Commonwealth,Confederacy,Donogh oge Cruoly,"Mansey, Dunmanway",,,James Hurly,Ballinward
"MS 827, fols 345v-346v",https://1641.tcd.ie/index.php/deposition/?depID=827345v305,Complete,,24/4/1654,Commonwealth,Confederacy,Donnogh Donovane,Rosmore,,,James Hurly,Ballinward
"MS 827, fol 347r",https://1641.tcd.ie/index.php/deposition/?depID=827347r306,Complete,,24/4/1654,Commonwealth,Confederacy,Teige Sleagh,Mansey,,,Teige McDermond Backah o Croaly,Cahera
"MS 827, fol 347r",https://1641.tcd.ie/index.php/deposition/?depID=827347r307,Complete,,24/4/1654,Commonwealth,Confederacy,Mortough Mahony,Mansey,,,Teige McDermond Backah o Croaly,Cahera
"MS 827, fols 347v-348v",https://1641.tcd.ie/index.php/deposition/?depID=827347v308,Complete,,24/4/1654,Commonwealth,Confederacy,Humphrey Crowley,Dunmanway,,,Teige McDermond Backah o Croaly,Cahera
"MS 827, fol 349r",https://1641.tcd.ie/index.php/deposition/?depID=827349r309,Complete,,23/4/1654,Commonwealth,Confederacy,Teige Carthy,Dunmanway,,,Donogh oge Driskull,Downelonge
"MS 827, fol 349r",https://1641.tcd.ie/index.php/deposition/?depID=827349r310,Complete,,23/4/1654,Commonwealth,Confederacy,Dennis Hornedy,Dunmanway,,,Donogh oge Driskull,Downelonge
"MS 827, fols 349v-350v",https://1641.tcd.ie/index.php/deposition/?depID=827349v311,Complete,,23/4/1654,Commonwealth,Confederacy,John McDaniell Hurly,Iniskeane,,,Donogh oge Driskull,Downelonge
"MS 827, fol 351r",https://1641.tcd.ie/index.php/deposition/?depID=827351r312,Complete,,24/4/1654,Commonwealth,Confederacy,Donogh oge Cruoly,"Mansey, Dunmanway",,,John Mc Daniell McTeige o Croaly,Burrane
"MS 827, fol 351r",https://1641.tcd.ie/index.php/deposition/?depID=827351r313,Complete,,24/4/1654,Commonwealth,Confederacy,John McDaniell Hurly,Iniskeane,,,John Mc Daniell McTeige o Croaly,Burrane
"MS 827, fols 351v-352v",https://1641.tcd.ie/index.php/deposition/?depID=827351v314,Complete,,24/4/1654,Commonwealth,Confederacy,Dennis Hornedy,Dunmanway,,,John Mc Daniell McTeige o Croaly,Burrane
"MS 827, fol 353r",https://1641.tcd.ie/index.php/deposition/?depID=827353r315,Complete,,23/4/1654,Commonwealth,Confederacy,Donogh oge Cruoly,"Mansey, Dunmanway",,,Dauid o Croaly,Sinagh
"MS 827, fol 353r",https://1641.tcd.ie/index.php/deposition/?depID=827353r316,Complete,,23/4/1654,Commonwealth,Confederacy,Dennis Hornedy,Dunmanway,,,Dauid o Croaly,Sinagh
"MS 827, fols 343v-345v",https://1641.tcd.ie/index.php/deposition/?depID=827353v317,Complete,,24/4/1654,Commonwealth,Confederacy,Daniell Hurly,Dunmanway,,,Dauid o Croaly,Sinagh
"MS 828, fol 001r",https://1641.tcd.ie/index.php/deposition/?depID=828001r001,Complete,,18/4/1654,Commonwealth,Military action,Teige Sleagh,Mansey,,,Charles McCnogher Croaly,Lishnealagh
"MS 828, fol 001r",https://1641.tcd.ie/index.php/deposition/?depID=828001r002,Complete,,18/4/1654,Commonwealth,Military action,Mortough Mahony,Mansey,,,Charles McCnogher Croaly,Lishnealagh
"MS 828, fols 001v-002v",https://1641.tcd.ie/index.php/deposition/?depID=828001v003,Complete,,18/4/1654,Commonwealth,Military action,Humphrey Crowley,Dunmanway,,,Charles McCnogher Croaly,Lishnealagh
"MS 828, fol 003r",https://1641.tcd.ie/index.php/deposition/?depID=828003r004,Complete,,25/4/1653 [1654],Commonwealth,Military action,Teige Sleagh,Mansey,,,James Hurley,Grilagh
"MS 828, fol 003r",https://1641.tcd.ie/index.php/deposition/?depID=828003r005,Complete,,25/4/1654,Commonwealth,Military action,Humphrey Crowley,Dunmanway,,,James Hurley,Grilagh
"MS 828, fols 003v-004v",https://1641.tcd.ie/index.php/deposition/?depID=828003v006,Complete,,25/4/1654,Commonwealth,Military action,Donogh oge Cruoly,"Mansey, Dunmanway",,,James Hurley,Grilagh
"MS 828, fol 005r",https://1641.tcd.ie/index.php/deposition/?depID=828005r007,Complete,,26/4/1654,Commonwealth,Military action,Teige Sleagh,Mansey,,,Cornelius O Cullane,Kullkellow
"MS 828, fol 005r",https://1641.tcd.ie/index.php/deposition/?depID=828005r008,Complete,,26/4/1654,Commonwealth,Military action,Humphrey Crowley,Dunmanway,,,Cornelius O Cullane,Kullkellow
"MS 828, fol 005v",https://1641.tcd.ie/index.php/deposition/?depID=828005v009,Complete,,26/4/1654,Commonwealth,Military action,Donogh oge Cruoly,"Mansey, Dunmanway",,,Cornelius O Cullane,Kullkellow
"MS 828, fol 006r",https://1641.tcd.ie/index.php/deposition/?depID=828006r010,Complete,,18/4/1654,Commonwealth,Military action,Teige Sleagh,Mansey,,,Thomas Roche,Aghlianane
"MS 828, fol 006r",https://1641.tcd.ie/index.php/deposition/?depID=828006r011,Complete,,18/4/1654,Commonwealth,Military action,Humphrey Crowley,Dunmanway,,,Thomas Roche,Aghlianane
"MS 828, fols 006v-007v",https://1641.tcd.ie/index.php/deposition/?depID=828006v012,Complete,,18/4/1654,Commonwealth,Military action,Donogh oge Cruoly,"Mansey, Dunmanway",,,Thomas Roche,Aghlianane
"MS 828, fol 008r",https://1641.tcd.ie/index.php/deposition/?depID=828008r013,Complete,,18/4/1654,Commonwealth,Military action,Teige Sleagh,Mansey,,,Cornelius O Mahony alias Idroglie,Ballisod
"MS 828, fol 008r",https://1641.tcd.ie/index.php/deposition/?depID=828008r014,Complete,,18/4/1654,Commonwealth,Military action,Donogh oge Cruoly,"Mansey, Dunmanway",,,Cornelius O Mahony alias Idroglie,Ballisod
"MS 828, fol 008v",https://1641.tcd.ie/index.php/deposition/?depID=828008v015,Complete,,18/4/1654,Commonwealth,Military action,Dennis Hornedy,Dunmanway,,,Cornelius O Mahony alias Idroglie,Ballisod
"MS 828, fol 009r",https://1641.tcd.ie/index.php/deposition/?depID=828009r016,Complete,,23/4/1654,Commonwealth,Military action,Donogh oge Cruoly,"Mansey, Dunmanway",,,Thomas Coppenger fitz Walter,Monanes
"MS 828, fol 009r",https://1641.tcd.ie/index.php/deposition/?depID=828009r017,Complete,,23/4/1654,Commonwealth,Military action,Dennis Hornedy,Dunmanway,,,Thomas Coppenger fitz Walter,Monanes
"MS 828, fols 009v-010v",https://1641.tcd.ie/index.php/deposition/?depID=828009v018,Complete,,23/4/1654,Commonwealth,Military action,Donnogh Donovane,Rosmore,,,Thomas Coppenger fitz Walter,Monanes
"MS 828, fol 011r",https://1641.tcd.ie/index.php/deposition/?depID=828011r019,Complete,,24/4/1654,Commonwealth,Military action,Donogh oge Cruoly,"Mansey, Dunmanway",,,ffenine McDermond Carthy,Dirry
"MS 828, fol 011r",https://1641.tcd.ie/index.php/deposition/?depID=828011r020,Complete,,24/4/1654,Commonwealth,Military action,Dennis Hornedy,Dunmanway,,,ffenine McDermond Carthy,Dirry
"MS 828, fols 011v-012v",https://1641.tcd.ie/index.php/deposition/?depID=828011v021,Complete,,24/4/1654,Commonwealth,Military action,Donnogh Donovane,Rosmore,,,ffenine McDermond Carthy,Dirry
"MS 828, fol 013r",https://1641.tcd.ie/index.php/deposition/?depID=828013r022,Complete,,18/4/1654,Commonwealth,Military action,Teige Sleagh,Mansey,,,Charles Mcffenine Carthy,Bollteinane
"MS 828, fol 013r",https://1641.tcd.ie/index.php/deposition/?depID=828013r023,Complete,,18/4/1654,Commonwealth,Military action,Humphrey Crowley,Dunmanway,,,Charles Mcffenine Carthy,Bollteinane
"MS 828, fols 013v-014v",https://1641.tcd.ie/index.php/deposition/?depID=828013v024,Complete,,18/4/1654,Commonwealth,Military action,Donogh oge Cruoly,"Mansey, Dunmanway",,,Charles Mcffenine Carthy,Bollteinane
"MS 828, fol 015r",https://1641.tcd.ie/index.php/deposition/?depID=828015r025,Complete,,18/4/1654,Commonwealth,Military action,Teige Sleagh,Mansey,,,Teige Macffemine Carthy,CurriCreag
"MS 828, fol 015r",https://1641.tcd.ie/index.php/deposition/?depID=828015r026,Complete,,18/4/1654,Commonwealth,Military action,Mortough Mahony,Mansey,,,Teige Macffemine Carthy,CurriCreag
"MS 828, fols 015v-016v",https://1641.tcd.ie/index.php/deposition/?depID=828015v027,Complete,,18/4/1654,Commonwealth,Military action,Donogh oge Cruoly,"Mansey, Dunmanway",,,* O Maghoone,
"MS 828, fol 017r",https://1641.tcd.ie/index.php/deposition/?depID=828017r028,Complete,,21/6/1653,Commonwealth,Military action,Rouland Feild,Innishannon,,,Dermond McDan: Sooliuane,Cummur
MS 828 fols 019r-20v,https://1641.tcd.ie/index.php/deposition/?depID=828019r029,Complete,,21/6/1654,Commonwealth,Military action,Richard Feild,Innishannon,,,Danniel McOwen Sooliuane,Dromgarrafe
MS 828 fols 021r-22v,https://1641.tcd.ie/index.php/deposition/?depID=828021r030,Complete,,21/6/1654,Commonwealth,Military action,Rouland Feild,Innishannon,,,Dan McTeige boy,Roose Cragh
MS 828 fols 023r-024v,https://1641.tcd.ie/index.php/deposition/?depID=828023r031,Complete,,21/6/1654,Commonwealth,Military action,Rouland Feild,Innishannon,,,Phillip O Sulevane,Loghlanbegg
MS 828 fols 025r-025v,https://1641.tcd.ie/index.php/deposition/?depID=828025r032,Complete,,21/6/1654,Commonwealth,Military action,Rouland Feild,Innishannon,,,Owen McCnogher Suliuane,Drumderan
"MS 828, fol 026r",https://1641.tcd.ie/index.php/deposition/?depID=828026r033,Complete,,20/4/1654,Commonwealth,Military action,Teige Sleagh,Mansey,,,fflorance McDermond Mcfenine McCnogher,Knocrikulline
"MS 828, fol 026r",https://1641.tcd.ie/index.php/deposition/?depID=828026r034,Complete,,20/4/1654,Commonwealth,Military action,Humphrey Crowley,Dunmanway,,,fflorance McDermond Mcfenine McCnogher,Knocrikulline
"MS 828, fol 026v",https://1641.tcd.ie/index.php/deposition/?depID=828026v035,Complete,,20/4/1654,Commonwealth,Military action,Donogh oge Cruoly,"Mansey, Dunmanway",,,fflorance McDermond Mcfenine McCnogher,Knocrikulline
"MS 828, fol 028r",https://1641.tcd.ie/index.php/deposition/?depID=828028r036,Complete,,25/4/1654,Commonwealth,Military action,Donogh oge Cruoly,"Mansey, Dunmanway",,,Dermond McTeige Totane,
"MS 828, fol 028r",https://1641.tcd.ie/index.php/deposition/?depID=828028r037,Complete,,24/4/1654,Commonwealth,Military action,Donnogh Donovane,Rosmore,,,Dermond McTeige Totane,
"MS 828, fols 028v-029v",https://1641.tcd.ie/index.php/deposition/?depID=828028v038,Complete,,25/4/1654,Commonwealth,Military action,John McDaniell Hurly,Iniskeane,,,Dermond McTeige Totane,
MS 828 fols 030r-031v,https://1641.tcd.ie/index.php/deposition/?depID=828030r039,Complete,,21/6/1654,Commonwealth,Military action,Helkiah Hussy,Kilbrittain,,,Teige McOwen Carthy,Sloghodonnah
MS 828 fols 030r-031v,https://1641.tcd.ie/index.php/deposition/?depID=828030r039,Complete,,21/6/1654,Commonwealth,Robbery,Helkiah Hussy,Kilbrittain,,,Teige McOwen Carthy,Sloghodonnah
MS 828 fols 032r-033v,https://1641.tcd.ie/index.php/deposition/?depID=828032r040,Complete,,21/6/1654,Commonwealth,Military action,Rouland Feild,Innishannon,,,Daniell McTeige McRyer,Bannon
"MS 828, fol 034",https://1641.tcd.ie/index.php/deposition/?depID=828034r041,Complete,,24/4/1654,Commonwealth,Military action,John McDaniell Hurly,Iniskeane,,,Dermond O Cullane,Castlelian
"MS 828, fol 034r",https://1641.tcd.ie/index.php/deposition/?depID=828034r042,Complete,,24/4/1654,Commonwealth,Military action,Dennis Hornedy,Dunmanway,,,Dermond O Cullane,Castlelian
"MS 828, fols 034v-035v",https://1641.tcd.ie/index.php/deposition/?depID=828034v043,Complete,,24/4/1654,Commonwealth,Military action,Unknown deponent,,,,Dermond O Cullane,Castlelian
"MS 828, fol 036r",https://1641.tcd.ie/index.php/deposition/?depID=828036r044,Complete,,18/4/1654,Commonwealth,Military action,Teige Sleagh,Mansey,,,Dermod McTeige O Crouly,Skeafe
"MS 828, fol 036r",https://1641.tcd.ie/index.php/deposition/?depID=828036r045,Complete,,18/4/1654,Commonwealth,Military action,Donogh oge Cruoly,"Mansey, Dunmanway",,,Dermod McTeige O Crouly,Skeafe
"MS 828, fols 036r-037v",https://1641.tcd.ie/index.php/deposition/?depID=828036r046,Complete,,18/4/1654,Commonwealth,Military action,ffelim Carty,Corrycrouely,,,Dermod McTeige O Crouly,Skeafe
"MS 828, fol 038r",https://1641.tcd.ie/index.php/deposition/?depID=828038r047,Complete,,24/4/1654,Commonwealth,Military action,John McDaniell Hurly,Iniskeane,,,Knogher O Maghoone fowne,Carrige Mucty
"MS 828, fol 038r",https://1641.tcd.ie/index.php/deposition/?depID=828038r048,Complete,,24/4/1654,Commonwealth,Military action,Donough Hurley,Grilagh,,,Knogher O Maghoone fowne,Carrige Mucty
"MS 828, fols 038v-039v",https://1641.tcd.ie/index.php/deposition/?depID=828038v049,Complete,,24/4/1654,Commonwealth,Military action,Edmund Duleagh,Inshifune,,,Knogher O Maghoone fowne,Carrige Mucty
"MS 828, fol 040r",https://1641.tcd.ie/index.php/deposition/?depID=828040r050,Complete,,18/4/1654,Commonwealth,Military action,Teige Sleagh,Mansey,,,Dermond O Canty,Cahirwalder
"MS 828, fol 040r",https://1641.tcd.ie/index.php/deposition/?depID=828040r051,Complete,,18/4/1654,Commonwealth,Military action,Humphrey Crowley,Dunmanway,,,Dermond O Canty,Cahirwalder
"MS 828, fols 040v",https://1641.tcd.ie/index.php/deposition/?depID=828040v052,Complete,,18/4/1654,Commonwealth,Military action,Donogh oge Cruoly,"Mansey, Dunmanway",,,Dermond O Canty,Cahirwalder
"MS 828, fol 041r",https://1641.tcd.ie/index.php/deposition/?depID=828041r053,Complete,,18/4/1654,Commonwealth,Military action,Teige Sleagh,Mansey,,,Dauid McTeige O Cruoly,Bockers
"MS 828, fol 041r",https://1641.tcd.ie/index.php/deposition/?depID=828041r054,Complete,,18/4/1654,Commonwealth,Military action,Humphrey Crowley,Dunmanway,,,Dauid McTeige O Cruoly,Bockers
"MS 828, fols 041v-042v",https://1641.tcd.ie/index.php/deposition/?depID=828041v055,Complete,,18/4/1654,Commonwealth,Military action,Donogh oge Cruoly,"Mansey, Dunmanway",,,Dauid McTeige O Cruoly,Bockers
"MS 828, fol 043r",https://1641.tcd.ie/index.php/deposition/?depID=828043r056,Complete,,13/4/1653,Commonwealth,Military action,Donogh oge Cruoly,"Mansey, Dunmanway",,,fflorence McDaniell Carthy,Derriuyline
"MS 828, fol 043r",https://1641.tcd.ie/index.php/deposition/?depID=828043r057,Complete,,13/4/1654,Commonwealth,Military action,Donnogh Donovane,Rosmore,,,fflorence McDaniell Carthy,Derriuyline
"MS 828, fols 043v-044v",https://1641.tcd.ie/index.php/deposition/?depID=828043v058,Complete,,13/4/1654,Commonwealth,Military action,Dennis Hornedy,Dunmanway,,,fflorence McDaniell Carthy,Derriuyline
"MS 828, fol 045r",https://1641.tcd.ie/index.php/deposition/?depID=828045r059,Complete,"Metadata is incorrect on the project page. Title gives Donogh oge Crouly, but entry says deponent is Teige Sleagh.",18/4/1654,Commonwealth,Military action,Teige Sleagh,Mansey,,,Cornelius Mahoony,Leincon
"MS 828, fol 045r",https://1641.tcd.ie/index.php/deposition/?depID=828045r060,Complete,,18/4/1654,Commonwealth,Military action,Humphrey Crowley,Dunmanway,,,Cornelius Mahoony,Leincon
"MS 828, fol 045v",https://1641.tcd.ie/index.php/deposition/?depID=828045v061,Complete,,18/4/1654,Commonwealth,Military action,Donogh oge Cruoly,"Mansey, Dunmanway",,,Cornelius Mahoony,Leincon
"MS 828, fol 047r",https://1641.tcd.ie/index.php/deposition/?depID=828047r062,Complete,,16/4/1654,Commonwealth,Military action,Teige Sleagh,Mansey,,,Calluhane McOwen Carthy,Drumlegath
MS 828 fol 047r,https://1641.tcd.ie/index.php/deposition/?depID=828047r063,Complete,,16/4/1654,Commonwealth,Military action,Humphrey Crowley,Dunmanway,,,Calluhane McOwen Carthy,Drumlegath
"MS 828, fol 047v",https://1641.tcd.ie/index.php/deposition/?depID=828047v064,Complete,,16/4/1654,Commonwealth,Military action,Donogh oge Cruoly,"Mansey, Dunmanway",,,Calluhane McOwen Carthy,Drumlegath
MS 828 fol 049r-050v,https://1641.tcd.ie/index.php/deposition/?depID=828049r065,Complete,,21/6/1654,Commonwealth,Military action,Rouland Feild,Innishannon,,,Donnah Murphy,Bruiey Breeny
"MS 828, fol 051r",https://1641.tcd.ie/index.php/deposition/?depID=828051r066,Complete,,25/4/1654,Commonwealth,Military action,Donough oge Hurly,Mansey,,,Maghoone McTeige Itotane,Kilmalordy
"MS 828, fol 051r",https://1641.tcd.ie/index.php/deposition/?depID=828051r067,Complete,,25/4/1654,Commonwealth,Military action,Donnogh Donovane,Rosmore,,,Maghoone McTeige Itotane,Kilmalordy
"MS 828, fol 051r",https://1641.tcd.ie/index.php/deposition/?depID=828051v068,Complete,,25/4/1654,Commonwealth,Military action,John McDaniell Hurly,Iniskeane,,,Maghoone McTeige Itotane,Kilmalordy
"MS 828, fols 052r-052v",https://1641.tcd.ie/index.php/deposition/?depID=828052r069,Complete,,21/6/1654,Commonwealth,Military action,Rouland Feild,Innishannon,,,Donnah O Donnogan,Kilnamanagh
"MS 828, fol 053r",https://1641.tcd.ie/index.php/deposition/?depID=828053r070,Complete,,21/6/1654,Commonwealth,Military action,Helkiah Hussy,Kilbrittain,,,Corm McPhinen Carthy,Sloghodonnah
"MS 828, fol 055r",https://1641.tcd.ie/index.php/deposition/?depID=828055r071,Complete,,16/4/1654,Commonwealth,Military action,Teige Sleagh,Mansey,,,fflorence oge McCarthy,Brughelles
"MS 828, fol 055r",https://1641.tcd.ie/index.php/deposition/?depID=828055r072,Complete,,16/4/1654,Commonwealth,Military action,Humphrey Crowley,Dunmanway,,,fflorence oge McCarthy,Brughelles
"MS 828, fols 055v-056v",https://1641.tcd.ie/index.php/deposition/?depID=828055v073,Complete,,16/4/1654,Commonwealth,Military action,Donogh oge Cruoly,"Mansey, Dunmanway",,,fflorence oge McCarthy,Brughelles
"MS 828, fol 057r",https://1641.tcd.ie/index.php/deposition/?depID=828057r074,Complete,,26/4/1654,Commonwealth,Military action,Teige Sleagh,Mansey,,,Teige Mcffenine Carthy,Brughelles
"MS 828, fol 057r",https://1641.tcd.ie/index.php/deposition/?depID=828057r075,Complete,,26/4/1654,Commonwealth,Military action,Humphrey Crowley,Dunmanway,,,Teige Mcffenine Carthy,Brughelles
"MS 828, fols 057v-058v",https://1641.tcd.ie/index.php/deposition/?depID=828057v076,Complete,,26/5/1654,Commonwealth,Military action,Donogh oge Cruoly,"Mansey, Dunmanway",,,Teige Mcffenine Carthy,Brughelles
"MS 828, fol 059r",https://1641.tcd.ie/index.php/deposition/?depID=828059r077,Complete,,18/4/1654,Commonwealth,Military action,Teige Sleagh,Mansey,,,Dauid McTeige O Croaly,Annaharlike
"MS 828, fol 059r",https://1641.tcd.ie/index.php/deposition/?depID=828059r078,Complete,,18/4/1654,Commonwealth,Military action,Mortough Mahony,Mansey,,,Dauid McTeige O Croaly,Annaharlike
"MS 828, fol 059v",https://1641.tcd.ie/index.php/deposition/?depID=828059v079,Complete,,18/4/1654,Commonwealth,Military action,Humphrey Crowley,Dunmanway,,,Dauid McTeige O Croaly,Annaharlike
"MS 828, fol 061r",https://1641.tcd.ie/index.php/deposition/?depID=828061r080,Complete,,17/4/1654,Commonwealth,Military action,Teige Sleagh,Mansey,,,William Hurly,Ballinward
"MS 828, fol 061r",https://1641.tcd.ie/index.php/deposition/?depID=828061r081,Complete,,17/4/1654,Commonwealth,Military action,Mortough Mahony,Mansey,,,William Hurly,Ballinward
"MS 828, fol 061v",https://1641.tcd.ie/index.php/deposition/?depID=828061v082,Complete,,17/4/1654,Commonwealth,Military action,Humphrey Crowley,Dunmanway,,,William Hurly,Ballinward
"MS 828, fol 063r",https://1641.tcd.ie/index.php/deposition/?depID=828063r083,Complete,,25/4/1654,Commonwealth,Military action,John McDaniell Hurly,Iniskeane,,,Knogher McDonough Croaly,Knocaduff
"MS 828, fol 063r",https://1641.tcd.ie/index.php/deposition/?depID=828063r084,Complete,,25/4/1654,Commonwealth,Military action,Dennis Hornedy,Dunmanway,,,Knogher McDonough Croaly,Knocaduff
"MS 828, fols 063v-064v",https://1641.tcd.ie/index.php/deposition/?depID=828063v085,Complete,,25/4/1654,Commonwealth,Military action,Nicholas Dalton,Dunmanway,,,Knogher McDonough Croaly,Knocaduff
"MS 828, fol 065r",https://1641.tcd.ie/index.php/deposition/?depID=828065r086,Complete,,23/4/1654,Commonwealth,Military action,Donnogh Donovane,Rosmore,,,John McDaniell Carthy,Ballimore
"MS 828, fol 065r",https://1641.tcd.ie/index.php/deposition/?depID=828065r087,Complete,,23/4/1654,Commonwealth,Military action,Dennis Hornedy,Dunmanway,,,John McDaniell Carthy,Ballimore
"MS 828, fol 065r",https://1641.tcd.ie/index.php/deposition/?depID=828065r088,Complete,"[typo in metadata? surely this depo taken in 1654, not 1653]",23/4/1654,Commonwealth,Military action,Donogh oge Cruoly,"Mansey, Dunmanway",,,John McDaniell Carthy,Ballimore
"MS 828, fol 067r",https://1641.tcd.ie/index.php/deposition/?depID=828067r089,Complete,,23/4/1654,Commonwealth,Military action,Donough Hurley,Grilagh,,,Teige oge Crouly,Drumfeagh
"MS 828, fol 067r",https://1641.tcd.ie/index.php/deposition/?depID=828067r090,Complete,[typo in date metadata],23/4/1654,Commonwealth,Military action,John McDaniell Hurly,Iniskeane,,,Teige oge Crouly,Drumfeagh
"MS 828, fol 067v",https://1641.tcd.ie/index.php/deposition/?depID=828067v091,Complete,,23/4/1654,Commonwealth,Military action,Dennis Hornedy,Dunmanway,,,Teige oge Crouly,Drumfeagh
"MS 828, fols 069r",https://1641.tcd.ie/index.php/deposition/?depID=828069r092,Complete,"[typo in metadata? unclear, occurs in neighboring depos.]",16/4/1653,Commonwealth,Military action,ffelim Carty,Corrycrouely,,,Cnogher O Driskall,Downelonge
"MS 828, fol 069r",https://1641.tcd.ie/index.php/deposition/?depID=828069r093,Complete,,16/4/1653,Commonwealth,Military action,Donogh oge Cruoly,"Mansey, Dunmanway",,,Cnogher O Driskall,Downelonge
"MS 828, fols 069v-070v",https://1641.tcd.ie/index.php/deposition/?depID=828069v094,Complete,,16/4/1653,Commonwealth,Military action,Dennis Hornedy,Dunmanway,,,Cnogher O Driskall,Downelonge
"MS 828, fol 071r",https://1641.tcd.ie/index.php/deposition/?depID=828071r095,Complete,"This deposition is interesting, because the scribe crossed out 'madery' for 'caphull.' Suggests some familiarity (but not fluency) in Irish?",24/4/1654,Commonwealth,Military action,Donogh oge Cruoly,"Mansey, Dunmanway",,,Manus McShehy,Cnock na Caphull
"MS 828, fol 071r",https://1641.tcd.ie/index.php/deposition/?depID=828071r096,Complete,,24/4/1654,Commonwealth,Military action,Daniell Hurly,Dunmanway,,,Manus McShehy,Cnock na Caphull
"MS 828, fols 071v-072r",https://1641.tcd.ie/index.php/deposition/?depID=828071v097,Complete,,24/4/1654,Commonwealth,Military action,Edmund Duleagh,Inshifune,,,Manus McShehy,Cnock na Caphull
"MS 828, fol 073r",https://1641.tcd.ie/index.php/deposition/?depID=828073r098,Complete,,23/4/1654,Commonwealth,Military action,John McDaniell Hurly,Iniskeane,,,Daniell McMortagh o Doniuane,Clogharadbaly
"MS 828, fol 073r",https://1641.tcd.ie/index.php/deposition/?depID=828073r099,Complete,,23/4/1654,Commonwealth,Military action,Dennis Hornedy,Dunmanway,,,Daniell McMortagh o Doniuane,Clogharadbaly
"MS 828, fols 073v-074v",https://1641.tcd.ie/index.php/deposition/?depID=828073v100,Complete,,23/4/1654,Commonwealth,Military action,Unknown deponent,,,,Daniell McMortagh o Doniuane,Clogharadbaly
"MS 828, fol 075r",https://1641.tcd.ie/index.php/deposition/?depID=828075r101,Complete,,16/4/1654,Commonwealth,Military action,Teige Sleagh,Mansey,,,fflorence Carthy,Banduff
"MS 828, fols 075r-075v",https://1641.tcd.ie/index.php/deposition/?depID=828075r102,Complete,,16/4/1654,Commonwealth,Military action,Mortough Mahony,Mansey,,,fflorence Carthy,Banduff
"MS 828, fols 076r-076v",https://1641.tcd.ie/index.php/deposition/?depID=828076r103,Complete,,16/4/1654,Commonwealth,Military action,Humphrey Crowley,Dunmanway,,,fflorence Carthy,Banduff
"MS 828, fols 077r",https://1641.tcd.ie/index.php/deposition/?depID=828077r104,Complete,,18/4/1654,Commonwealth,Military action,Teige Sleagh,Mansey,,,fflorence Mc Dauid o Croaly,Kinraghbeg
"MS 828, fol 077r",https://1641.tcd.ie/index.php/deposition/?depID=828077r105,Complete,,18/4/1654,Commonwealth,Military action,Mortough Mahony,Mansey,,,fflorence Mc Dauid o Croaly,Kinraghbeg
"MS 828, fols 077v-078v",https://1641.tcd.ie/index.php/deposition/?depID=828077v106,Complete,,18/4/1654,Commonwealth,Military action,Humphrey Crowley,Dunmanway,,,fflorence Mc Dauid o Croaly,Kinraghbeg
"MS 828, fol 079r",https://1641.tcd.ie/index.php/deposition/?depID=828079r107,Complete,,23/4/1654,Commonwealth,Military action,Teige Sleagh,Mansey,,,Daniell oge o Dooniuane,Castle=Dooniuane
"MS 828, fol 079r",https://1641.tcd.ie/index.php/deposition/?depID=828079r108,Complete,,23/4/1654,Commonwealth,Military action,Humphrey Crowley,Dunmanway,,,Daniell oge o Dooniuane,Castle=Dooniuane
"MS 828, fols 079v-080v",https://1641.tcd.ie/index.php/deposition/?depID=828079v109,Complete,,23/4/1654,Commonwealth,Military action,Donogh oge Cruoly,"Mansey, Dunmanway",,,Daniell oge o Dooniuane,Castle=Dooniuane
"MS 828, fol 081r",https://1641.tcd.ie/index.php/deposition/?depID=828081r110,Complete,,23/4/1654,Commonwealth,Military action,Donnogh Donovane,Rosmore,,,Walter Coppinger,Ringarogy
"MS 828, fol 081r",https://1641.tcd.ie/index.php/deposition/?depID=828081r111,Complete,,23/4/1654,Commonwealth,Military action,Dennis Hornedy,Dunmanway,,,Walter Coppinger,Ringarogy
"MS 828, fol 081v",https://1641.tcd.ie/index.php/deposition/?depID=828081v112,Complete,,23/4/1654,Commonwealth,Military action,ffelim Carty,Corrycrouely,,,Walter Coppinger,Ringarogy
"MS 828, fols 082r",https://1641.tcd.ie/index.php/deposition/?depID=828082r113,Complete,,18/4/1654,Commonwealth,Military action,Teige Sleagh,Mansey,,,Daniell McTeige o Croaly,Skeafe
"MS 828, fol 082r",https://1641.tcd.ie/index.php/deposition/?depID=828082r114,Complete,,18/4/1654,Commonwealth,Military action,Humphrey Crowley,Dunmanway,,,Daniell McTeige o Croaly,Skeafe
"MS 828, fols 082v-083r",https://1641.tcd.ie/index.php/deposition/?depID=828082v115,Complete,,18/4/1654,Commonwealth,Military action,Donogh oge Cruoly,"Mansey, Dunmanway",,,Daniell McTeige o Croaly,Skeafe
"MS 828, fol 084r",https://1641.tcd.ie/index.php/deposition/?depID=828084r116,Complete,,18/4/1654,Commonwealth,Military action,Teige Sleagh,Mansey,,,Dauid o Croaly,Drumfeagh
"MS 828, fol 084r",https://1641.tcd.ie/index.php/deposition/?depID=828084r117,Complete,,18/4/1654,Commonwealth,Military action,Mortough Mahony,Mansey,,,Daniell McTeige o Croaly,Skeafe
"MS 828, fols 084v-085v",https://1641.tcd.ie/index.php/deposition/?depID=828084v118,Complete,,18/4/1654,Commonwealth,Military action,Humphrey Crowley,Dunmanway,,,Dauid o Croaly,Drumfeagh
"MS 828, fol 086r",https://1641.tcd.ie/index.php/deposition/?depID=828086r119,Complete,,16/4/1654,Commonwealth,Military action,Teige Sleagh,Mansey,,,Dermod McCarthy,Kildee
"MS 828, fol 086r",https://1641.tcd.ie/index.php/deposition/?depID=828086r120,Complete,,16/4/1654,Commonwealth,Military action,Humphrey Crowley,Dunmanway,,,Dermod McCarthy,Kildee
"MS 828, fols 086v-087v",https://1641.tcd.ie/index.php/deposition/?depID=828086v121,Complete,,16/4/1654,Commonwealth,Military action,Donogh oge Cruoly,"Mansey, Dunmanway",,,Dermod McCarthy,Kildee
"MS 828, fol 088r",https://1641.tcd.ie/index.php/deposition/?depID=828088r122,Complete,,16/4/1654,Commonwealth,Military action,Teige Sleagh,Mansey,,,Teige O'Driskall,Ballinacrawne
"MS 828, fol 088r",https://1641.tcd.ie/index.php/deposition/?depID=828088r123,Complete,,16/4/1654,Commonwealth,Military action,Humphrey Crowley,Dunmanway,,,Teige O'Driskall,Ballinacrawne
"MS 828, fol 088v",https://1641.tcd.ie/index.php/deposition/?depID=828088v124,Complete,,16/4/1654,Commonwealth,Military action,Donogh oge Cruoly,"Mansey, Dunmanway",,,Teige O'Driskall,Ballinacrawne
"MS 828, fols 089r-089v",https://1641.tcd.ie/index.php/deposition/?depID=828089r125,Complete,,21/6/1654,Commonwealth,Military action,Rouland Feild,Innishannon,,,Guillicody O'Suliuane,Trafaskie
"MS 828, fol 090r",https://1641.tcd.ie/index.php/deposition/?depID=828090r126,Complete,,16/4/1654,Commonwealth,Military action,Teige Sleagh,Mansey,,,Daniell McDonnogh Carthy,Carrigeganuoy
"MS 828, fol 090r",https://1641.tcd.ie/index.php/deposition/?depID=828090r127,Complete,,16/4/1654,Commonwealth,Military action,Humphrey Crowley,Dunmanway,,,Daniell McDonnogh Carthy,Carrigeganuoy
"MS 828, fols 090v-091v",https://1641.tcd.ie/index.php/deposition/?depID=828090v128,Complete,,16/4/1654,Commonwealth,Military action,Donogh oge Cruoly,"Mansey, Dunmanway",,,Daniell McDonnogh Carthy,Carrigeganuoy
"MS 828, fol 092r",https://1641.tcd.ie/index.php/deposition/?depID=828092r129,Complete,,16/4/1654,Commonwealth,Military action,Teige Sleagh,Mansey,,,Daniell O'Donnauane,Castle=Dooniuane
"MS 828, fols 092r-092v",https://1641.tcd.ie/index.php/deposition/?depID=828092r130,Complete,,16/4/1654,Commonwealth,Military action,Humphrey Crowley,Dunmanway,,,Daniell O'Donnauane,Castle=Dooniuane
"MS 828, fols 093r-093v",https://1641.tcd.ie/index.php/deposition/?depID=828093r131,Complete,,16/4/1654,Commonwealth,Military action,Donogh oge Cruoly,"Mansey, Dunmanway",,,Daniell O'Donnauane,Castle=Dooniuane
"MS 828, fol 094r",https://1641.tcd.ie/index.php/deposition/?depID=828094r132,Complete,,18/4/1654,Commonwealth,Military action,Teige Sleagh,Mansey,,,fflorence O'Mahoony,Ardirriuingy
"MS 828, fol 094r",https://1641.tcd.ie/index.php/deposition/?depID=828094r133,Complete,,18/4/1654,Commonwealth,Military action,Humphrey Crowley,Dunmanway,,,fflorence O'Mahoony,Ardirriuingy
"MS 828, fols 094v-095v",https://1641.tcd.ie/index.php/deposition/?depID=828094v134,Complete,,18/4/1654,Commonwealth,Military action,Donogh oge Cruoly,"Mansey, Dunmanway",,,fflorence O'Mahoony,Ardirriuingy
"MS 828, fol 096r",https://1641.tcd.ie/index.php/deposition/?depID=828096r135,Complete,,16/4/1654,Commonwealth,Military action,Teige Sleagh,Mansey,,,Daniell O Cullane,Kullkellow
"MS 828, fol 096r",https://1641.tcd.ie/index.php/deposition/?depID=828096r136,Complete,,16/4/1654,Commonwealth,Military action,Humphrey Crowley,Dunmanway,,,Daniell O Cullane,Kullkellow
"MS 828, fols 096v-097v",https://1641.tcd.ie/index.php/deposition/?depID=828096v137,Complete,,16/4/1654,Commonwealth,Military action,Donogh oge Cruoly,"Mansey, Dunmanway",,,Daniell O Cullane,Kullkellow
"MS 828, fol 098r",https://1641.tcd.ie/index.php/deposition/?depID=828098r138,Complete,,18/4/1654,Commonwealth,Military action,Teige Sleagh,Mansey,,,Donnogh McPheinine Carthy,Maulbrack
"MS 828, fol 098r",https://1641.tcd.ie/index.php/deposition/?depID=828098r139,Complete,,18/4/1654,Commonwealth,Military action,Humphrey Crowley,Dunmanway,,,Donnogh McPheinine Carthy,Maulbrack
"MS 828, fol 098v",https://1641.tcd.ie/index.php/deposition/?depID=828098v140,Complete,,18/4/1654,Commonwealth,Military action,Donogh oge Cruoly,"Mansey, Dunmanway",,,Donnogh McPheinine Carthy,Maulbrack
"MS 828, fol 099r",https://1641.tcd.ie/index.php/deposition/?depID=828099r141,Complete,,16/4/1654,Commonwealth,Military action,Teige Sleagh,Mansey,,,Teige oge Crouly,Drumfeagh
"MS 828, fol 099r",https://1641.tcd.ie/index.php/deposition/?depID=828099r142,Complete,,16/4/1654,Commonwealth,Military action,Mortough Mahony,Mansey,,,Teige oge Crouly,Drumfeagh
"MS 828, fols 099v-100v",https://1641.tcd.ie/index.php/deposition/?depID=828099v143,Complete,,16/4/1654,Commonwealth,Military action,Donogh oge Cruoly,"Mansey, Dunmanway",,,Teige oge Crouly,Drumfeagh
"MS 828, fol 101r",https://1641.tcd.ie/index.php/deposition/?depID=828101r144,Complete,,23/4/1654,Commonwealth,Military action,Eneas Callanan,Courtny Connaghty,,,Enias O Dully,Ballinacrawne
"MS 828, fol 101r",https://1641.tcd.ie/index.php/deposition/?depID=828101r145,Complete,,23/4/1654,Commonwealth,Military action,Donogh oge Cruoly,"Mansey, Dunmanway",,,Enias O Dully,Ballinacrawne
"MS 828, fols 101v-102v",https://1641.tcd.ie/index.php/deposition/?depID=828101v146,Complete,,23/4/1654,Commonwealth,Military action,Donnogh Donovane,Rosmore,,,Enias O Dully,Ballinacrawne
"MS 828, fol 103r",https://1641.tcd.ie/index.php/deposition/?depID=828103r147,Complete,,17/4/1654,Commonwealth,Military action,Teige Sleagh,Mansey,,,Teige Mcffeinine O Croaly,Knocaduff
"MS 828, fol 103r",https://1641.tcd.ie/index.php/deposition/?depID=828103r148,Complete,,17/4/1654,Commonwealth,Military action,Mortough Mahony,Mansey,,,Teige Mcffeinine O Croaly,Knocaduff
"MS 828, fols 103v-104r",https://1641.tcd.ie/index.php/deposition/?depID=828103v149,Complete,,17/4/1654,Commonwealth,Military action,Donogh oge Cruoly,"Mansey, Dunmanway",,,Teige Mcffeinine O Croaly,Knocaduff
"MS 828, fol 105r",https://1641.tcd.ie/index.php/deposition/?depID=828105r150,Complete,,18/4/1654,Commonwealth,Military action,Teige Sleagh,Mansey,,,Cornelius O'Canty,Cahirwalder
"MS 828, fol 105r",https://1641.tcd.ie/index.php/deposition/?depID=828105r151,Complete,,18/4/1654,Commonwealth,Military action,Donogh oge Cruoly,"Mansey, Dunmanway",,,Cornelius O'Canty,Cahirwalder
"MS 828, fol 105v",https://1641.tcd.ie/index.php/deposition/?depID=828105v152,Complete,,18/4/1654,Commonwealth,Military action,Dennis Hornedy,Dunmanway,,,Cornelius O'Canty,Cahirwalder
"MS 828, fol 106r",https://1641.tcd.ie/index.php/deposition/?depID=828106r153,Complete,,24/4/1654,Commonwealth,Military action,Donogh oge Cruoly,"Mansey, Dunmanway",,,Donogh O'Coghlane,Bodderinne
"MS 828, fol 106r",https://1641.tcd.ie/index.php/deposition/?depID=828106r154,Complete,,24/4/1654,Commonwealth,Military action,Eneas Callanan,Courtny Connaghty,,,Donogh O'Coghlane,Bodderinne
"MS 828, fols 106v-107v",https://1641.tcd.ie/index.php/deposition/?depID=828106v155,Complete,,24/4/1654,Commonwealth,Military action,Dennis Hornedy,Dunmanway,,,Donogh O'Coghlane,Bodderinne
"MS 828, fol 108r",https://1641.tcd.ie/index.php/deposition/?depID=828108r156,Complete,,23/4/1654,Commonwealth,Military action,Donogh oge Cruoly,"Mansey, Dunmanway",,,Moile murry McSweiny,Artagh Reagh
"MS 828, fol 108r",https://1641.tcd.ie/index.php/deposition/?depID=828108r157,Complete,,23/4/1654,Commonwealth,Military action,Eneas Callanan,Courtny Connaghty,,,Moile murry McSweiny,Artagh Reagh
"MS 828, fols 108v-109v",https://1641.tcd.ie/index.php/deposition/?depID=828108v158,Complete,,23/4/1654,Commonwealth,Military action,Daniell Hurly,Dunmanway,,,Moile murry McSweiny,Artagh Reagh
"MS 828, fol 110r",https://1641.tcd.ie/index.php/deposition/?depID=828110r159,Complete,,16/4/1654,Commonwealth,Military action,Teige Sleagh,Mansey,,,fflorence McCarthy,Skarte
"MS 828, fol 110r",https://1641.tcd.ie/index.php/deposition/?depID=828110r160,Complete,,16/4/1654,Commonwealth,Military action,Humphrey Crowley,Dunmanway,,,fflorence Carthy,Banduff
"MS 828, fols 110v-111v",https://1641.tcd.ie/index.php/deposition/?depID=828110v161,Complete,,16/4/1654,Commonwealth,Military action,Donogh oge Cruoly,"Mansey, Dunmanway",,,fflorence Carthy,Banduff
"MS 828, fol 112r",https://1641.tcd.ie/index.php/deposition/?depID=828112r162,Complete,,16/4/1654,Commonwealth,Military action,Teige Sleagh,Mansey,,,fflorence McDermond Carthy,Kildee
"MS 828, fol 112r",https://1641.tcd.ie/index.php/deposition/?depID=828112r163,Complete,,16/4/1654,Commonwealth,Military action,Humphrey Crowley,Dunmanway,,,fflorence McDermond Carthy,Kildee
"MS 828, fol 112v",https://1641.tcd.ie/index.php/deposition/?depID=828112v164,Complete,,16/4/1654,Commonwealth,Military action,Donogh oge Cruoly,"Mansey, Dunmanway",,,fflorence McDermond Carthy,Kildee
"MS 828, fol 113r",https://1641.tcd.ie/index.php/deposition/?depID=828113r165,Complete,,18/4/1654,Commonwealth,Military action,Teige Sleagh,Mansey,,,Donogh McTeige O'Croaly,Skeafe
"MS 828, fol 113r",https://1641.tcd.ie/index.php/deposition/?depID=828113r166,Complete,,18/4/1654,Commonwealth,Military action,Humphrey Crowley,Dunmanway,,,Donogh McTeige O'Croaly,Skeafe
"MS 828, fols 113v-114v",https://1641.tcd.ie/index.php/deposition/?depID=828113v167,Complete,,18/4/1654,Commonwealth,Military action,Donogh oge Cruoly,"Mansey, Dunmanway",,,Donogh McTeige O'Croaly,Skeafe
"MS 828, fol 115r",https://1641.tcd.ie/index.php/deposition/?depID=828115r168,Complete,,25/4/1654,Commonwealth,Military action,Donogh oge Cruoly,"Mansey, Dunmanway",,,Daniell McTeige Itotune,Kilmalordy
"MS 828, fol 115r",https://1641.tcd.ie/index.php/deposition/?depID=828115r169,Complete,,25/4/1654,Commonwealth,Military action,Eneas Callanan,Courtny Connaghty,,,Daniell McTeige Itotune,Kilmalordy
"MS 828, fols 115v-116v",https://1641.tcd.ie/index.php/deposition/?depID=828115v170,Complete,,25/4/1654,Commonwealth,Military action,Dennis Hornedy,Dunmanway,,,Daniell McTeige Itotune,Kilmalordy
"MS 828, fol 117r",https://1641.tcd.ie/index.php/deposition/?depID=828117r171,Complete,,24/4/1654,Commonwealth,Military action,Humphrey Crowley,Dunmanway,,,Phillip O Coghlane,Iniskeane
"MS 828, fol 117r",https://1641.tcd.ie/index.php/deposition/?depID=828117r172,Complete,,24/4/1654,Commonwealth,Military action,Donogh oge Cruoly,"Mansey, Dunmanway",,,Phillip O Coghlane,Iniskeane
"MS 828, fols 117v-118v",https://1641.tcd.ie/index.php/deposition/?depID=828117v173,Complete,,24/4/1654,Commonwealth,Military action,Dennis Hornedy,Dunmanway,,,Phillip O Coghlane,Iniskeane
"MS 828, fol 119r",https://1641.tcd.ie/index.php/deposition/?depID=828119r174,Complete,,16/4/1654,Commonwealth,Military action,John McDaniell Hurly,Iniskeane,,,fflorence mcDermond Carthy,Madame
"MS 828, fol 119r",https://1641.tcd.ie/index.php/deposition/?depID=828119r175,Complete,,16/4/1654,Commonwealth,Military action,Unknown deponent,,,,fflorence mcDermond Carthy,Madame
"MS 828, fols 119v-120v",https://1641.tcd.ie/index.php/deposition/?depID=828119v176,Complete,,16/4/1654,Commonwealth,Military action,Unknown deponent,,,,fflorence mcDermond Carthy,Madame
"MS 828, fol 121r",https://1641.tcd.ie/index.php/deposition/?depID=828121r177,Complete,,17/4/1654,Commonwealth,Military action,Teige Sleagh,Mansey,,,Randoll Hurly,Ballinkarrige
"MS 828, fol 121r",https://1641.tcd.ie/index.php/deposition/?depID=828121r178,Complete,,17/4/1654,Commonwealth,Military action,Mortough Mahony,Mansey,,,Randoll Hurly,Ballinkarrige
"MS 828, fols 121v-122v",https://1641.tcd.ie/index.php/deposition/?depID=828121v179,Complete,,17/4/1654,Commonwealth,Military action,Humphrey Crowley,Dunmanway,,,Randoll Hurly,Ballinkarrige
"MS 828, fol 123r",https://1641.tcd.ie/index.php/deposition/?depID=828123r180,Complete,,25/4/1654,Commonwealth,Military action,Donogh oge Cruoly,"Mansey, Dunmanway",,,Cahir O Callahane,Drumlegath
"MS 828, fol 123r",https://1641.tcd.ie/index.php/deposition/?depID=828123r181,Complete,,25/4/1654,Commonwealth,Military action,Donnogh Donovane,Rosmore,,,Cahir O Callahane,Drumlegath
"MS 828, fol 123v",https://1641.tcd.ie/index.php/deposition/?depID=828123v182,Complete,,25/4/1654,Commonwealth,Military action,John McDaniell Hurly,Iniskeane,,,Cahir O Callahane,Drumlegath
"MS 828, fol 128r",https://1641.tcd.ie/index.php/deposition/?depID=828128r184,Complete,,24/4/1654,Commonwealth,Military action,John McDaniell Hurly,Iniskeane,,,fflorence mcEnise Driscoll,Cashelfear
"MS 828, fol 128r",https://1641.tcd.ie/index.php/deposition/?depID=828128r185,Complete,,24/3/1654,Commonwealth,Military action,Dennis Hornedy,Dunmanway,,,fflorence mcEnise Driscoll,Cashelfear
"MS 828, fols 128v-129v",https://1641.tcd.ie/index.php/deposition/?depID=828128v186,Complete,,24/4/1654,Commonwealth,Military action,Unknown deponent,,,,fflorence mcEnise Driscoll,Cashelfear
"MS 828, fols 130r-131v",https://1641.tcd.ie/index.php/deposition/?depID=828130r187,Complete,,21/6/1654,Commonwealth,Military action,Rouland Feild,Innishannon,,,Danniel McOwen Sooliuane,Dromgarrafe
"MS 828, fol 132r",https://1641.tcd.ie/index.php/deposition/?depID=828132r188,Complete,,23/4/1654,Commonwealth,Military action,Donogh oge Cruoly,"Mansey, Dunmanway",,,Donnogh McCarthy,Sinurrane
"MS 828, fol 132r",https://1641.tcd.ie/index.php/deposition/?depID=828132r189,Complete,,23/4/1654,Commonwealth,Military action,Eneas Callanan,Courtny Connaghty,,,Donnogh McCarthy,Sinurrane
"MS 828, fol 132v",https://1641.tcd.ie/index.php/deposition/?depID=828132v190,Complete,,23/4/1654,Commonwealth,Military action,Donnogh Donovane,Rosmore,,,Donnogh McCarthy,Sinurrane
"MS 828, fol 133r",https://1641.tcd.ie/index.php/deposition/?depID=828133r191,Complete,,16/4/1654,Commonwealth,Military action,Donogh oge Cruoly,"Mansey, Dunmanway",,,ffenine McDaniell Carthy,Banduff
"MS 828, fol 133r",https://1641.tcd.ie/index.php/deposition/?depID=828133r192,Complete,,16/4/1654,Commonwealth,Military action,Eneas Callanan,Courtny Connaghty,,,ffenine McDaniell Carthy,Banduff
"MS 828, fols 133v-134v",https://1641.tcd.ie/index.php/deposition/?depID=828133v193,Complete,,16/4/1654,Commonwealth,Military action,Donnogh Donovane,Rosmore,,,ffenine McDaniell Carthy,Banduff
"MS 828, fol 135r",https://1641.tcd.ie/index.php/deposition/?depID=828135r194,Complete,,16/4/1654,Commonwealth,Military action,Teige Sleagh,Mansey,,,Dermond McTeige Carthy,Dunmanway
"MS 828, fols 135r-135v",https://1641.tcd.ie/index.php/deposition/?depID=828135r195,Complete,,16/4/1654,Commonwealth,Military action,Mortough Mahony,Mansey,,,Dermond McTeige Carthy,Dunmanway
"MS 828, fols 136r-136v",https://1641.tcd.ie/index.php/deposition/?depID=828136r196,Complete,,16/4/1654,Commonwealth,Military action,Humphrey Crowley,Dunmanway,,,Dermond McTeige Carthy,Dunmanway
"MS 828, fol 137r",https://1641.tcd.ie/index.php/deposition/?depID=828137r197,Complete,,23/4/1654,Commonwealth,Military action,Edmund Duleagh,Inshifune,,,Donnogh McDaniell Carthy,Kilcoe
"MS 828, fol 137r",https://1641.tcd.ie/index.php/deposition/?depID=828137r198,Complete,,23/4/1654,Commonwealth,Military action,Donough Hurley,Grilagh,,,Donnogh McDaniell Carthy,Kilcoe
"MS 828, fols 137v-138v",https://1641.tcd.ie/index.php/deposition/?depID=828137v199,Complete,,23/4/1654,Commonwealth,Military action,John McDaniell Hurly,Iniskeane,,,Donnogh McDaniell Carthy,Kilcoe
"MS 828, fol 139r",https://1641.tcd.ie/index.php/deposition/?depID=828139r200,Complete,,24/4/1654,Commonwealth,Military action,Humphrey Crowley,Dunmanway,,,Charles McCnogher Croaly,Lishnealagh
"MS 828, fol 139r",https://1641.tcd.ie/index.php/deposition/?depID=828139r201,Complete,,24/4/1654,Commonwealth,Military action,Donogh oge Cruoly,"Mansey, Dunmanway",,,Charles McCnogher Croaly,Lishnealagh
"MS 828, fols 139v-140v",https://1641.tcd.ie/index.php/deposition/?depID=828139v202,Complete,,24/4/1654,Commonwealth,Military action,Dennis Hornedy,Dunmanway,,,Charles McCnogher Croaly,Lishnealagh
"MS 828, fol 141r",https://1641.tcd.ie/index.php/deposition/?depID=828141r203,Complete,,28/4/1654,Commonwealth,Military action,Teige Sleagh,Mansey,,,John McTeige O Croaly,Skeafe
"MS 828, fol 141r",https://1641.tcd.ie/index.php/deposition/?depID=828141r204,Complete,,28/4/1654,Commonwealth,Military action,Donogh oge Cruoly,"Mansey, Dunmanway",,,John McTeige O Croaly,Skeafe
"MS 828, fols 141r-142v",https://1641.tcd.ie/index.php/deposition/?depID=828141r205,Complete,,28/4/1654,Commonwealth,Military action,Unknown deponent,,,,John McTeige O Croaly,Skeafe
"MS 828, fol 143r",https://1641.tcd.ie/index.php/deposition/?depID=828143r206,Complete,,24/4/1654,Commonwealth,Military action,Donogh oge Cruoly,"Mansey, Dunmanway",,,Daniell oge Hurly,Kilbrittain
"MS 828, fol 143r",https://1641.tcd.ie/index.php/deposition/?depID=828143r207,Complete,,24/4/1654,Commonwealth,Military action,Donnogh Donovane,Rosmore,,,Daniell oge Hurly,Kilbrittain
"MS 828, fol 143v",https://1641.tcd.ie/index.php/deposition/?depID=828143v208,Complete,,24/4/1654,Commonwealth,Military action,Eneas Callanan,Courtny Connaghty,,,Daniell oge Hurly,Kilbrittain
"MS 828, fol 144r",https://1641.tcd.ie/index.php/deposition/?depID=828144r209,Complete,,18/4/1654,Commonwealth,Military action,Teige Sleagh,Mansey,,,Morgane o Dooniuane,Cargliffe
"MS 828, fol 144r",https://1641.tcd.ie/index.php/deposition/?depID=828144r210,Complete,,18/4/1654,Commonwealth,Military action,Humphrey Crowley,Dunmanway,,,Morgane o Dooniuane,Cargliffe
"MS 828, fols 144v-145v",https://1641.tcd.ie/index.php/deposition/?depID=828144v211,Complete,,18/4/1654,Commonwealth,Military action,Donogh oge Cruoly,"Mansey, Dunmanway",,,Morgane o Dooniuane,Cargliffe
"MS 828, fol 146r",https://1641.tcd.ie/index.php/deposition/?depID=828146r212,Complete,,16/4/1654,Commonwealth,Military action,Teige Sleagh,Mansey,,,Donogh mc Donnell Carty,Lissane
"MS 828, fol 146r",https://1641.tcd.ie/index.php/deposition/?depID=828146r213,Complete,,16/4/1654,Commonwealth,Military action,Thomas Dodgin,Castlehaven parish,Thomas Dodgin,,Donogh mc Donnell Carty,Lissane
"MS 828, fol 146r",https://1641.tcd.ie/index.php/deposition/?depID=828146r213,Complete,,16/4/1654,Commonwealth,Robbery,Thomas Dodgin,Castlehaven parish,Thomas Dodgin,,Donogh mc Donnell Carty,Lissane
"MS 828, fols 146v-147v",https://1641.tcd.ie/index.php/deposition/?depID=828146v214,Complete,,16/4/1654,Commonwealth,Military action,Mortough Mahony,Mansey,,,Donogh mc Donnell Carty,Lissane
"MS 828, fol 148r",https://1641.tcd.ie/index.php/deposition/?depID=828148r215,Complete,,23/4/1654,Commonwealth,Military action,ffelim Carty,Corrycrouely,,,Diermott McAwlife o Croaly,Drumirke
"MS 828, fol 148r",https://1641.tcd.ie/index.php/deposition/?depID=828148r216,Complete,,23/4/1654,Commonwealth,Military action,John McDaniell Hurly,Iniskeane,,,Diermott McAwlife o Croaly,Drumirke
"MS 828, fols 148v-149v",https://1641.tcd.ie/index.php/deposition/?depID=828148v217,Complete,,23/4/1654,Commonwealth,Military action,Dennis Hornedy,Dunmanway,,,Diermott McAwlife o Croaly,Drumirke
"MS 828, fol 150r",https://1641.tcd.ie/index.php/deposition/?depID=828150r218,Complete,,20/4/1654,Commonwealth,Military action,Eneas Callanan,Courtny Connaghty,,,Daniell McDonogh Hurly,Dunmanway
"MS 828, fol 150r",https://1641.tcd.ie/index.php/deposition/?depID=828150r219,Complete,,20/4/1654,Commonwealth,Military action,Donnogh Donovane,Rosmore,,,Daniell McDonogh Hurly,Dunmanway
"MS 828, fols 150v-151v",https://1641.tcd.ie/index.php/deposition/?depID=828150v220,Complete,,27/4/1654,Commonwealth,Military action,Dennis Hornedy,Dunmanway,,,Daniell McDonogh Hurly,Dunmanway
"MS 828, fol 152r",https://1641.tcd.ie/index.php/deposition/?depID=828152r221,Complete,,16/4/1654,Commonwealth,Military action,Teige Sleagh,Mansey,,,Daniell McCarthy,Ballyuilone
"MS 828, fol 152r",https://1641.tcd.ie/index.php/deposition/?depID=828152r222,Complete,,16/4/1654,Commonwealth,Military action,Humphrey Crowley,Dunmanway,,,Daniell McCarthy,Ballyuilone
"MS 828, fols 152v-153v",https://1641.tcd.ie/index.php/deposition/?depID=828152v223,Complete,,16/4/1654,Commonwealth,Military action,Donogh oge Cruoly,"Mansey, Dunmanway",,,Daniell McCarthy,Ballyuilone
"MS 828, fol 154r",https://1641.tcd.ie/index.php/deposition/?depID=828154r224,Complete,,23/4/1654,Commonwealth,Military action,Daniell Doonuiuane,Ringogrenn,,,Teige McDauid o Croaly,dromticlogh
"MS 828, fol 154r",https://1641.tcd.ie/index.php/deposition/?depID=828154r225,Complete,,23/4/1654,Commonwealth,Military action,Unknown deponent,,,,Teige McDauid o Croaly,dromticlogh
"MS 828, fols 154v-155v",https://1641.tcd.ie/index.php/deposition/?depID=828154v226,Complete,,23/4/1654,Commonwealth,Military action,Unknown deponent,,,,Teige McDauid o Croaly,dromticlogh
"MS 828, fol 156r",https://1641.tcd.ie/index.php/deposition/?depID=828156r227,Complete,,17/4/1654,Commonwealth,Military action,Teige Sleagh,Mansey,,,Owen McCarthy,Croghane
"MS 828, fols 156r-156v",https://1641.tcd.ie/index.php/deposition/?depID=828156r228,Complete,,17/4/1654,Commonwealth,Military action,Humphrey Crowley,Dunmanway,,,Owen McCarthy,Croghane
"MS 828, fols 157r-157v",https://1641.tcd.ie/index.php/deposition/?depID=828157r229,Complete,,17/4/1654,Commonwealth,Military action,Donogh oge Cruoly,"Mansey, Dunmanway",,,Owen McCarthy,Croghane
"MS 828, fol 158r",https://1641.tcd.ie/index.php/deposition/?depID=828158r230,Complete,,20/4/1654,Commonwealth,Military action,Teige Sleagh,Mansey,,,Cornelius McDermond Carthy,Knocrikulline
"MS 828, fol 158r",https://1641.tcd.ie/index.php/deposition/?depID=828158r231,Complete,,20/4/1654,Commonwealth,Military action,Humphrey Crowley,Dunmanway,,,Cornelius McDermond Carthy,Knocrikulline
"MS 828, fol 158v",https://1641.tcd.ie/index.php/deposition/?depID=828158v232,Complete,,20/4/1654,Commonwealth,Military action,Donogh oge Cruoly,"Mansey, Dunmanway",,,Cornelius McDermond Carthy,Knocrikulline
"MS 828, fol 159r",https://1641.tcd.ie/index.php/deposition/?depID=828159r233,Complete,,24/4/1654,Commonwealth,Military action,Dennis Hornedy,Dunmanway,,,John McDermond McTeige,Longe Iland
"MS 828, fol 159r",https://1641.tcd.ie/index.php/deposition/?depID=828159r234,Complete,,24/4/1654,Commonwealth,Military action,John McDaniell Hurly,Iniskeane,,,John McDermond McTeige,Longe Iland
"MS 828, fols 159v-160v",https://1641.tcd.ie/index.php/deposition/?depID=828159v235,Complete,,24/4/1654,Commonwealth,Military action,Thomas Fleming,Dunmanway,,,John McDermond McTeige,Longe Iland
"MS 828, fol 161r",https://1641.tcd.ie/index.php/deposition/?depID=828161r236,Complete,,24/4/1654,Commonwealth,Military action,Dermond O'Hangline,Leape,,,Donogh McDermond,Cnockilstoky
"MS 828, fol 161r",https://1641.tcd.ie/index.php/deposition/?depID=828161r237,Complete,,24/4/1654,Commonwealth,Military action,Unknown deponent,,,,Donogh McDermond,Cnockilstoky
"MS 828, fols 161v-162v",https://1641.tcd.ie/index.php/deposition/?depID=828161v238,Complete,,24/4/1654,Commonwealth,Military action,Unknown deponent,,,,Donogh McDermond,Cnockilstoky
"MS 828, fol 163r",https://1641.tcd.ie/index.php/deposition/?depID=828163r239,Complete,,23/4/1654,Commonwealth,Military action,John McDaniell Hurly,Iniskeane,,,Donogh O'Driskall,Glanmafoyne
"MS 828, fol 163r",https://1641.tcd.ie/index.php/deposition/?depID=828163r240,Complete,,23/4/1654,Commonwealth,Military action,Dennis Hornedy,Dunmanway,,,Donogh O'Driskall,Glanmafoyne
"MS 828, fols 163v-164v",https://1641.tcd.ie/index.php/deposition/?depID=828163v241,Complete,,23/4/1654,Commonwealth,Military action,Nicholas Dalton,Dunmanway,,,Donogh O'Driskall,Glanmafoyne
"MS 828, fol 165r",https://1641.tcd.ie/index.php/deposition/?depID=828165r242,Complete,,18/4/1654,Commonwealth,Military action,Teige Sleagh,Mansey,,,Teige o Canty,Cahirwalder
"MS 828, fol 165r",https://1641.tcd.ie/index.php/deposition/?depID=828165r243,Complete,,18/4/1654,Commonwealth,Military action,Humphrey Crowley,Dunmanway,,,Teige o Canty,Cahirwalder
"MS 828, fol 165v",https://1641.tcd.ie/index.php/deposition/?depID=828165v244,Complete,,18/4/1654,Commonwealth,Military action,Donogh oge Cruoly,"Mansey, Dunmanway",,,Teige o Canty,Cahirwalder
"MS 828, fol 166r",https://1641.tcd.ie/index.php/deposition/?depID=828166r245,Complete,,24/4/1654,Commonwealth,Military action,Daniell Doonuiuane,Ringogrenn,,,Cornelius Croaly,Tullineask
"MS 828, fol 166r",https://1641.tcd.ie/index.php/deposition/?depID=828166r246,Complete,,24/4/1654,Commonwealth,Military action,Thomas May,Ballin Crow,,,Cornelius Croaly,Tullineask
"MS 828, fols 166v-167v",https://1641.tcd.ie/index.php/deposition/?depID=828166v247,Complete,,24/4/1654,Commonwealth,Military action,Unknown deponent,,,,Cornelius Croaly,Tullineask
"MS 828, fol 168r",https://1641.tcd.ie/index.php/deposition/?depID=828168r248,Complete,,23/4/1654,Commonwealth,Military action,Teige O Mahowny,Bally Disert,,,Bruen o Driskall,ould Court
"MS 828, fol 168r",https://1641.tcd.ie/index.php/deposition/?depID=828168r249,Complete,,23/4/1654,Commonwealth,Military action,Unknown deponent,,,,Bruen o Driskall,ould Court
"MS 828, fols 168v-169v",https://1641.tcd.ie/index.php/deposition/?depID=828168v250,Complete,,23/4/1654,Commonwealth,Military action,Unknown deponent,,,,Bruen o Driskall,ould Court
"MS 828, fol 170r",https://1641.tcd.ie/index.php/deposition/?depID=828170r251,Complete,,24/4/1654,Commonwealth,Military action,Dennis Hornedy,Dunmanway,,,[son of] Dermond McTeige O'Coghlan,Longe Iland
"MS 828, fol 170r",https://1641.tcd.ie/index.php/deposition/?depID=828170r252,Complete,,24/4/1654,Commonwealth,Military action,Unknown deponent,,,,[son of] Dermond McTeige O'Coghlan,Longe Iland
"MS 828, fols 170v-171v",https://1641.tcd.ie/index.php/deposition/?depID=828170v253,Complete,,24/4/1654,Commonwealth,Military action,Unknown deponent,,,,[son of] Dermond McTeige O'Coghlan,Longe Iland
"MS 828, fol 172r",https://1641.tcd.ie/index.php/deposition/?depID=828172r254,Complete,,23/4/1654,Commonwealth,Military action,Donogh oge Cruoly,"Mansey, Dunmanway",,,Owen mcDonogh Carthy,Cahirkirkie
"MS 828, fol 172r",https://1641.tcd.ie/index.php/deposition/?depID=828172r255,Complete,,23/4/1654,Commonwealth,Military action,Unknown deponent,,,,Owen mcDonogh Carthy,Cahirkirkie
"MS 828, fol 172v",https://1641.tcd.ie/index.php/deposition/?depID=828172v256,Complete,,23/4/1654,Commonwealth,Military action,Unknown deponent,,,,Owen mcDonogh Carthy,Cahirkirkie
"MS 828, fol 174r",https://1641.tcd.ie/index.php/deposition/?depID=828174r257,Complete,,23/4/1654,Commonwealth,Military action,Donogh oge Cruoly,"Mansey, Dunmanway",,,Callahane McDonogh Callahane,Addrigolege
"MS 828, fol 174r",https://1641.tcd.ie/index.php/deposition/?depID=828174r258,Complete,,23/4/1654,Commonwealth,Military action,Unknown deponent,,,,Callahane McDonogh Callahane,Addrigolege
"MS 828, fols 174v-175v",https://1641.tcd.ie/index.php/deposition/?depID=828174v259,Complete,,23/4/1654,Commonwealth,Military action,Unknown deponent,,,,Callahane McDonogh Callahane,Addrigolege
"MS 828, fol 176r",https://1641.tcd.ie/index.php/deposition/?depID=828176r260,Complete,,23/4/1654,Commonwealth,Military action,Donough Hurley,Grilagh,,,Cornelius McDaniell Carthy,Croghane
"MS 828, fol 176r",https://1641.tcd.ie/index.php/deposition/?depID=828176r261,Complete,,23/4/1654,Commonwealth,Military action,Daniell oge Carthy,Mannine,,,Cornelius McDaniell Carthy,Croghane
"MS 828, fol 176v",https://1641.tcd.ie/index.php/deposition/?depID=828176v262,Complete,"Interlinear addition ""sonne Daniell"" makes it unclear whether this is Cornelius McDaniell or his son.",23/4/1654,Commonwealth,Military action,Dermond O'Hangline,Leape,,,Cornelius McDaniell Carthy,Croghane
"MS 828, fol 177r",https://1641.tcd.ie/index.php/deposition/?depID=828177r263,Complete,,23/4/1654,Commonwealth,Military action,Donogh oge Cruoly,"Mansey, Dunmanway",,,Dermond McDonagh Carthy,Hacketts Towne
"MS 828, fol 177r",https://1641.tcd.ie/index.php/deposition/?depID=828177r264,Complete,,23/4/1654,Commonwealth,Military action,Unknown deponent,,,,Dermond McDonagh Carthy,Hacketts Towne
"MS 828, fol 177v",https://1641.tcd.ie/index.php/deposition/?depID=828177v265,Complete,,23/4/1654,Commonwealth,Military action,Unknown deponent,,,,Dermond McDonagh Carthy,Hacketts Towne
"MS 828, fol 179r",https://1641.tcd.ie/index.php/deposition/?depID=828179r266,Complete,,24/4/1654,Commonwealth,Military action,Donogh oge Cruoly,"Mansey, Dunmanway",,,Humphrey oge Croaly,Iniskeane
"MS 828, fol 179r",https://1641.tcd.ie/index.php/deposition/?depID=828179r267,Complete,,24/4/1654,Commonwealth,Military action,Unknown deponent,,,,Humphrey oge Croaly,Iniskeane
"MS 828, fols 179v-180v",https://1641.tcd.ie/index.php/deposition/?depID=828179v268,Complete,,24/4/1654,Commonwealth,Military action,Unknown deponent,,,,Humphrey oge Croaly,Iniskeane
"MS 828, fol 181r",https://1641.tcd.ie/index.php/deposition/?depID=828181r269,Complete,,24/4/1654,Commonwealth,Military action,Teige O Mahowny,Bally Disert,,,John McDermond McTeige,Longe Iland
"MS 828, fol 181r",https://1641.tcd.ie/index.php/deposition/?depID=828181r270,Complete,,24/4/1654,Commonwealth,Military action,Daniell oge Carthy,Mannine,,,John McDermond McTeige,Longe Iland
"MS 828, fols 181v-182v",https://1641.tcd.ie/index.php/deposition/?depID=828181v271,Complete,,24/4/1654,Commonwealth,Military action,Daniell Doonuiuane,Ringogrenn,,,John McDermond McTeige,Longe Iland
"MS 828, fol 183r",https://1641.tcd.ie/index.php/deposition/?depID=828183r272,Complete,,24/4/1654,Commonwealth,Military action,Teige O Mahowny,Bally Disert,,,Thomas ffitz Edmond ffitz Richard,Balliban
"MS 828, fol 183r",https://1641.tcd.ie/index.php/deposition/?depID=828183r273,Complete,,24/4/1654,Commonwealth,Military action,Daniell oge Carthy,Mannine,,,Thomas ffitz Edmond ffitz Richard,Balliban
"MS 828, fol 183v",https://1641.tcd.ie/index.php/deposition/?depID=828183v274,Complete,,23/4/1654,Commonwealth,Military action,Unknown deponent,,,,Thomas ffitz Edmond ffitz Richard,Balliban
"MS 828, fol 184r",https://1641.tcd.ie/index.php/deposition/?depID=828184r275,Complete,,23/4/1654,Commonwealth,Military action,Teige O Mahowny,Bally Disert,,,[sons of] Owen McCarthy,Ballionrane
"MS 828, fol 184r",https://1641.tcd.ie/index.php/deposition/?depID=828184r276,Complete,,23/4/1654,Commonwealth,Military action,Daniell oge Carthy,Mannine,,,[sons of] Owen McCarthy,Ballionrane
"MS 828, fol 184v",https://1641.tcd.ie/index.php/deposition/?depID=828184v277,Complete,,23/4/1654,Commonwealth,Military action,Daniell Doonuiuane,Ringogrenn,,,[sons of] Owen McCarthy,Ballionrane
"MS 828, fol 185r",https://1641.tcd.ie/index.php/deposition/?depID=828185r278,Complete,,23/4/1654,Commonwealth,Military action,Teige O Mahowny,Bally Disert,,,[sons of] fflorence Driskall,Ballinacrawne
"MS 828, fol 185r",https://1641.tcd.ie/index.php/deposition/?depID=828185r279,Complete,,23/4/1654,Commonwealth,Military action,Daniell oge Carthy,Mannine,,,[sons of] fflorence Driskall,Ballinacrawne
"MS 828, fol 185v",https://1641.tcd.ie/index.php/deposition/?depID=828185v280,Complete,,23/4/1654,Commonwealth,Military action,Daniell Doonuiuane,Ringogrenn,,,[sons of] fflorence Driskall,Ballinacrawne
"MS 828, fol 186r",https://1641.tcd.ie/index.php/deposition/?depID=828186r281,Complete,,23/4/1654,Commonwealth,Military action,Teige O Mahowny,Bally Disert,,,Teige McDaniell Carthy,Ballimore
"MS 828, fol 186r",https://1641.tcd.ie/index.php/deposition/?depID=828186r282,Complete,,23/4/1654,Commonwealth,Military action,Daniell oge Carthy,Mannine,,,Teige McDaniell Carthy,Ballimore
"MS 828, fol 186v",https://1641.tcd.ie/index.php/deposition/?depID=828186v283,Complete,,23/4/1654,Commonwealth,Military action,Unknown deponent,,,,Teige McDaniell Carthy,Ballimore
"MS 828, fols 194r-195v",https://1641.tcd.ie/index.php/deposition/?depID=828194r288,Complete,,24/5/1642,Bisse,Arson,Thomas Dight,Glaneroghtie,Thomas Dight,,"donnogh mc ffynine Cartie, ffynine mc dromod Cartie, Elizabeth Stephenson alias Cartie, ffynine mc daniell Carty alias Captayne Sougan, Teige o donoghon, dermod mc Cartie alas Iglock, donogh o Megan","Ardtullie, killowen, Killosscoie, Glanakoyne, Glanflisk, downemanas, Kilbarry"
"MS 828, fols 194r-195v",https://1641.tcd.ie/index.php/deposition/?depID=828194r288,Complete,,24/5/1642,Bisse,Robbery,Thomas Dight,Glaneroghtie,Thomas Dight,,"donnogh mc ffynine Cartie, ffynine mc dromod Cartie, Elizabeth Stephenson alias Cartie, ffynine mc daniell Carty alias Captayne Sougan, Teige o donoghon, dermod mc Cartie alas Iglock, donogh o Megan","Ardtullie, killowen, Killosscoie, Glanakoyne, Glanflisk, downemanas, Kilbarry"
"MS 828, fols 194r-195v",https://1641.tcd.ie/index.php/deposition/?depID=828194r288,Complete,,24/5/1642,Bisse,Words,Thomas Dight,Glaneroghtie,Thomas Dight,,"donnogh mc ffynine Cartie, ffynine mc dromod Cartie, Elizabeth Stephenson alias Cartie, ffynine mc daniell Carty alias Captayne Sougan, Teige o donoghon, dermod mc Cartie alas Iglock, donogh o Megan","Ardtullie, killowen, Killosscoie, Glanakoyne, Glanflisk, downemanas, Kilbarry"
"MS 828, fols 194r-195v",https://1641.tcd.ie/index.php/deposition/?depID=828194r288,Complete,,24/5/1642,Bisse,Lost by debts,Thomas Dight,Glaneroghtie,Thomas Dight,,"donnogh mc ffynine Cartie, ffynine mc dromod Cartie, Elizabeth Stephenson alias Cartie, ffynine mc daniell Carty alias Captayne Sougan, Teige o donoghon, dermod mc Cartie alas Iglock, donogh o Megan","Ardtullie, killowen, Killosscoie, Glanakoyne, Glanflisk, downemanas, Kilbarry"
"MS 828, fol 234r",https://1641.tcd.ie/index.php/deposition/?depID=828234r318,Complete,,14/5/1654,Commonwealth,Captivity,John Banfield,"Bandon, Glanakogh",John Banfield,,Daniell Mcffenine Carthy,Ardtullie
"MS 828, fol 234r",https://1641.tcd.ie/index.php/deposition/?depID=828234r318,Complete,,14/5/1654,Commonwealth,Military action,John Banfield,"Bandon, Glanakogh",John Banfield,,Daniell Mcffenine Carthy,Ardtullie
"MS 828, fol 234r",https://1641.tcd.ie/index.php/deposition/?depID=828234r319,Complete,,14/4/1654,Commonwealth,Military action,John ffowles,"Bandon, Glaneroghtie",,,Daniell Mcffenine Carthy,Ardtullie
"MS 828, fols 234v-235v",https://1641.tcd.ie/index.php/deposition/?depID=828234v320,Complete,,14/4/1654,Commonwealth,Military action,John Oliuer,Cork,,,Daniell Mcffenine Carthy,Ardtullie
"MS 828, fol 238r",https://1641.tcd.ie/index.php/deposition/?depID=828238r323,Complete,,14/4/1654,Commonwealth,Military action,John Banfield,"Bandon, Glanakogh",,,"ffynine mc daniell Carty alias Captayne Sougan, Mcffenine Carthy [brother to Captayne Sougane]","Glanakoyne, Glanakoyne"
"MS 828, fols 240r-240v",https://1641.tcd.ie/index.php/deposition/?depID=828240r325,Complete,,14/4/1654,Commonwealth,Military action,John ffowles,"Bandon, Glaneroghtie",,,ffeinine mcDaniell Carthy,Castle Maine
"MS 828, fol 241r",https://1641.tcd.ie/index.php/deposition/?depID=828241r326,Complete,,4/4/1654,Commonwealth,Military action,John Bowles,Bandon,,,Walter Hussy,Letrough
"MS 828, fol 241r",https://1641.tcd.ie/index.php/deposition/?depID=828241r327,Complete,,4/4/1654,Commonwealth,Military action,Cornelius Carty,"Bandon, Ballibeggane Castle",,,Walter Hussy,Letrough
"MS 828, fols 241v-242v",https://1641.tcd.ie/index.php/deposition/?depID=828241v328,Complete,,4/4/1654,Commonwealth,Military action,Christopher Holcombe,Cork,,,Walter Hussy,Letrough
"MS 825, fols 061r-061v",https://1641.tcd.ie/index.php/deposition/?depID=825061r050,Complete,,17/9/1642,Bisse,Robbery,Thomas Harris,"Weste Ardkitte, Templebriant",Thomas Harris,,Unknown rebels,
"MS 822, fols 065r-065v",https://1641.tcd.ie/index.php/deposition/?depID=822065r057,Complete,,22/9/1642,Bisse,Robbery,John Nenelocke,dromticlogh,John Nenelocke,,Dauid o Croaly,Drumfeagh
"MS 826, fols 078r-078v",https://1641.tcd.ie/index.php/deposition/?depID=826078r083,Complete,,13/9/1652,Commonwealth,Multiple killing,Morris O'Collane,Kinraghbeg,"John fford, Roberte fford, [wife of] Roberte fford, [children of] Roberte fford",,"John McTeige alias mcTeige, Teige oge mc Teige mc Daniel, William Leagh, dearmond mcdonnell Oge Leary, Thomas mc Knougher Oge, Donnogh O Tearahan","Curry miller, Gortbracke, Templebriant, Glanocrime, Mohony, Mohony"
"MS 826, fols 078r-078v",https://1641.tcd.ie/index.php/deposition/?depID=826078r083,Complete,,13/9/1652,Commonwealth,Robbery,Morris O'Collane,Kinraghbeg,"John fford, Roberte fford, [wife of] Roberte fford, [children of] Roberte fford",,"John McTeige alias mcTeige, Teige oge mc Teige mc Daniel, William Leagh, dearmond mcdonnell Oge Leary, Thomas mc Knougher Oge, Donnogh O Tearahan","Curry miller, Gortbracke, Templebriant, Glanocrime, Mohony, Mohony"
"MS 826, fols 078r-078v",https://1641.tcd.ie/index.php/deposition/?depID=826078r083,Complete,,13/9/1652,Commonwealth,Succour,Morris O'Collane,Kinraghbeg,"John fford, Roberte fford, [wife of] Roberte fford, [children of] Roberte fford",,"John McTeige alias mcTeige, Teige oge mc Teige mc Daniel, William Leagh, dearmond mcdonnell Oge Leary, Thomas mc Knougher Oge, Donnogh O Tearahan","Curry miller, Gortbracke, Templebriant, Glanocrime, Mohony, Mohony"
"MS 825, fols 084r-084v",https://1641.tcd.ie/index.php/deposition/?depID=825084r074,Complete,,23/9/1642,Bisse,Robbery,"Nathaniell Richards, Thomas Richards","Westmanch, Dublin",Nathaniell Richards,,Unknown rebels,
"MS 825, fols 084r-084v",https://1641.tcd.ie/index.php/deposition/?depID=825084r074,Complete,,23/9/1642,Bisse,Lost by debts,"Nathaniell Richards, Thomas Richards","Westmanch, Dublin",Nathaniell Richards,,Unknown rebels,
"MS 826, fols 086r-086v",https://1641.tcd.ie/index.php/deposition/?depID=826086r090,Complete,,10/9/1652,Commonwealth,Killing,Donogh Mc Cormucke Carty,,"Mr Snory, Owen Mc Dermond Carty, Ralph Cleare",,MacCarthy Reagh,Kilbrittain
"MS 826, fols 086r-086v",https://1641.tcd.ie/index.php/deposition/?depID=826086r090,Complete,,10/9/1652,Commonwealth,Military action,Donogh Mc Cormucke Carty,,"Mr Snory, Owen Mc Dermond Carty, Ralph Cleare",,MacCarthy Reagh,Kilbrittain
"MS 825, fols 104r-104v",https://1641.tcd.ie/index.php/deposition/?depID=825104r093,Complete,,22/8/1642,Bisse,Robbery,William Reacrafte,Desertserges,William Reacrafte,,Unknown rebels,
"MS 826, fols 108r-109v",https://1641.tcd.ie/index.php/deposition/?depID=826108r106,Complete,,9/9/1652,Commonwealth,Captivity,Dermot O Donoman,dunnowen,"Thomas Linscome, [wife of] Thomas Linscome, [sister-in-law of] Thomas Linscome, [manservant of] Thomas Linscome, [maidservant of] Thomas Linscome",,"[followers of] MacCarthy Reagh, Dermot O Tooma",Kilbrittain
"MS 826, fols 108r-109v",https://1641.tcd.ie/index.php/deposition/?depID=826108r106,Complete,,9/9/1652,Commonwealth,Multiple killing,Dermot O Donoman,dunnowen,"Thomas Linscome, [wife of] Thomas Linscome, [sister-in-law of] Thomas Linscome, [manservant of] Thomas Linscome, [maidservant of] Thomas Linscome",,"[followers of] MacCarthy Reagh, Dermot O Tooma",Kilbrittain
"MS 823, fols 114r-114v",https://1641.tcd.ie/index.php/deposition/?depID=823114r109,Complete,,0/0/1642,Bisse,Arson,"Robert Horne, John Steevens",Iniskeane,Robert Horne,,MacCarthy Reagh,Kilbrittain
"MS 823, fols 114r-114v",https://1641.tcd.ie/index.php/deposition/?depID=823114r109,Complete,,0/0/1642,Bisse,Military action,"Robert Horne, John Steevens",Iniskeane,Robert Horne,,MacCarthy Reagh,Kilbrittain
"MS 823, fols 114r-114v",https://1641.tcd.ie/index.php/deposition/?depID=823114r109,Complete,,0/0/1642,Bisse,Robbery,"Robert Horne, John Steevens",Iniskeane,Robert Horne,,MacCarthy Reagh,Kilbrittain
"MS 823, fols 114r-114v",https://1641.tcd.ie/index.php/deposition/?depID=823114r109,Complete,,0/0/1642,Bisse,Supporting statement,"Robert Horne, John Steevens",Iniskeane,Robert Horne,,MacCarthy Reagh,Kilbrittain
"MS 823, fols 114r-114v",https://1641.tcd.ie/index.php/deposition/?depID=823114r109,Complete,,0/0/1642,Bisse,Words,"Robert Horne, John Steevens",Iniskeane,Robert Horne,,MacCarthy Reagh,Kilbrittain
"MS 823, fols 114r-114v",https://1641.tcd.ie/index.php/deposition/?depID=823114r109,Complete,,0/0/1642,Bisse,Lost by debts,"Robert Horne, John Steevens",Iniskeane,Robert Horne,,MacCarthy Reagh,Kilbrittain
"MS 826, fols 114r-114v",https://1641.tcd.ie/index.php/deposition/?depID=826114r120,Complete,,9/9/1652,Commonwealth,Assault,Joseph Salmon,Glandore,"Joseph Salmon, John Vincent, Henry Hill, Peter drum, John Behena, Anthony [], Elizabeth Norman",,"Tege oge Carty alias donevand, William o Murroghoe, dermot roe donevand, donogh mcmurrogh, Richard mc Murrogh, Daniel mc Ranell, Murtagh Moynagh","Cargliffe, Gartin"
"MS 826, fols 114r-114v",https://1641.tcd.ie/index.php/deposition/?depID=826114r120,Complete,,9/9/1652,Commonwealth,Captivity,Joseph Salmon,Glandore,"Joseph Salmon, John Vincent, Henry Hill, Peter drum, John Behena, Anthony [], Elizabeth Norman",,"Tege oge Carty alias donevand, William o Murroghoe, dermot roe donevand, donogh mcmurrogh, Richard mc Murrogh, Daniel mc Ranell, Murtagh Moynagh","Cargliffe, Gartin"
"MS 826, fols 114r-114v",https://1641.tcd.ie/index.php/deposition/?depID=826114r120,Complete,,9/9/1652,Commonwealth,Multiple killing,Joseph Salmon,Glandore,"Joseph Salmon, John Vincent, Henry Hill, Peter drum, John Behena, Anthony [], Elizabeth Norman",,"Tege oge Carty alias donevand, William o Murroghoe, dermot roe donevand, donogh mcmurrogh, Richard mc Murrogh, Daniel mc Ranell, Murtagh Moynagh","Cargliffe, Gartin"
"MS 826, fols 114r-114v",https://1641.tcd.ie/index.php/deposition/?depID=826114r120,Complete,,9/9/1652,Commonwealth,Stripping,Joseph Salmon,Glandore,"Joseph Salmon, John Vincent, Henry Hill, Peter drum, John Behena, Anthony [], Elizabeth Norman",,"Tege oge Carty alias donevand, William o Murroghoe, dermot roe donevand, donogh mcmurrogh, Richard mc Murrogh, Daniel mc Ranell, Murtagh Moynagh","Cargliffe, Gartin"
"MS 826, fols 114v-115v",https://1641.tcd.ie/index.php/deposition/?depID=826114v121,Complete,,9/9/1652,Commonwealth,Multiple killing,Joseph Salmon,Glandore,Joseph Salmon,,"Teige O'Driskall, [wife of] MacCarthy Reagh","Ballinacrawne, Kilbrittain"
"MS 824, fol 013r",https://1641.tcd.ie/index.php/deposition/?depID=824013r021,Complete,,undated,Dublin original,Military action,donough mc daniell,"Garrinfin, Kilbrittain","Gussain, John Stepney, Thomas Linscome, John Burras, [wife of] John Burrows, [child of] John Burrows",,"Bryan Bullagh, Daniell oge Hurly, Phinin mc Reery, Cormucke o dayly, Danniell O Sasna, Macnecruining","Kilbrittain, Clonakilty, Bealaanurr"
"MS 824, fol 013r",https://1641.tcd.ie/index.php/deposition/?depID=824013r021,Complete,,undated,Dublin original,Multiple killing,donough mc daniell,"Garrinfin, Kilbrittain","Gussain, John Stepney, Thomas Linscome, John Burras, [wife of] John Burrows, [child of] John Burrows",,"Bryan Bullagh, Daniell oge Hurly, Phinin mc Reery, Cormucke o dayly, Danniell O Sasna, Macnecruining","Kilbrittain, Clonakilty, Bealaanurr"
"MS 826, fols 033r-033v",https://1641.tcd.ie/index.php/deposition/?depID=826033r032,Complete,,15/9/1652,Commonwealth,Multiple killing,Daniell Hurly,Dromgarrafe,"John Burras, [wife of] John Burrows, [child of] John Burrows",,"MacCarthy Reagh, Macnecruining","Kilbrittain, Bealaanurr"
"MS 826, fols 033r-033v",https://1641.tcd.ie/index.php/deposition/?depID=826033r032,Complete,,15/9/1652,Commonwealth,Words,Daniell Hurly,Dromgarrafe,"John Burras, [wife of] John Burrows, [child of] John Burrows",,"MacCarthy Reagh, Macnecruining","Kilbrittain, Bealaanurr"
"MS 826, fols 033r-033v",https://1641.tcd.ie/index.php/deposition/?depID=826033r032,Complete,,15/9/1652,Commonwealth,Investigative,Daniell Hurly,Dromgarrafe,"John Burras, [wife of] John Burrows, [child of] John Burrows",,"MacCarthy Reagh, Macnecruining","Kilbrittain, Bealaanurr"
"MS 825, fols 194r-194v",https://1641.tcd.ie/index.php/deposition/?depID=825194r177&Keywords=carberry,Complete,,4/10/1642,Bisse,Robbery,Thomas Sermon,Clonakilty,Thomas Sermon,,Unknown rebels,
"MS 825, fols 194r-194v",https://1641.tcd.ie/index.php/deposition/?depID=825194r177&Keywords=carberry,Complete,,4/10/1642,Bisse,Lost by debts,Thomas Sermon,Clonakilty,Thomas Sermon,,Unknown rebels,
"MS 825, fols 252r-252v",https://1641.tcd.ie/index.php/deposition/?depID=825252r233&Keywords=carberry,,,22/10/1642,Bisse,Robbery,Richard Shute,Castletowne,Richard Shute,,"Teige mc Shane, yeamon mc Mathewes, John mc Mathewes, Dermod O Coughhane, Thomas O Kally, danyell mc Donough, Donough O Leagh","Kennegh parish, Kennegh parish, Kennegh parish, Kennegh parish, Kennegh parish, Kennegh parish, Kennegh parish"
"MS 825, fols 252r-252v",https://1641.tcd.ie/index.php/deposition/?depID=825252r233&Keywords=carberry,,,22/10/1642,Bisse,Lost by debts,Richard Shute,Castletowne,Richard Shute,,"Teige mc Shane, yeamon mc Mathewes, John mc Mathewes, Dermod O Coughhane, Thomas O Kally, danyell mc Donough, Donough O Leagh","Kennegh parish, Kennegh parish, Kennegh parish, Kennegh parish, Kennegh parish, Kennegh parish, Kennegh parish"